company,domain
100 THIEVES,100thieves.com
1001 ENSEIGNES,1001enseignes.com
1001HOBBIES,1001hobbies.com
11 HONORE,11honore.com
3M,3m.com
5ÀSEC,5asec.com
6XPOS,6xpos.com
A.S. WATSON,aswatson.com
A10 EQUIPMENT,a10equipment.com
A101 YENI MAGAZACILIK,a101.com.tr
A101 YENI MAĞAZACILIK A.Ş.,a101.com.tr
AA,aa.com
ABOUT YOU AG & CO.KG,aboutyou.com
ABYSSE CORP,abyssecorp.com
ACCERTIFY,accertify.com
ACCOR,accor.com
ACCOR HOTELS,accorhotels.com
ACER,acer.com
ACKERMANS,ackermans.com
ACQUA DI PARMA,acquadiparma.com
ACUITIS,acuitis.com
ADAM&EVE - GROUPE EQOM,adam-eve.com
AD-DA,ad-da.com
ADEO,adeo.com
ADEO SERVICES,adeoservices.com
ADEVINTA,adevinta.com
ADIDAS,adidas.com
ADOLF WÜRTH GMBH,wuerth.com
ADORE ME,adoreme.com
ADTRACTION,adtraction.com
ADVANIA,advania.com
ADVEO,adveo.com
ADVEO - CALIPAGE - PLEINCIEL - TOP OFFICE,adveo.com
AÉROPORT DE PARIS / EXTIME,aeroportdeparis.fr
AFFLELOU,afflelou.com
AFIBEL,afibel.com
AGNÈS B.,agnesb.com
AGNESB,agnesb.com
AHOLD DELHAIZE,ahold-delhaize.com
AHOLD DELHAIZE / AB VASSILOPOULOS,aholddelhaize.com
AHOLD DELHAIZE GROUP,aholddelhaize.com
AHOLD DELHAIZE NV,aholddelhaize.com
AHOLDDELHAIZE,ahold-delhaize.com
AHOLD-DELHAIZE,ahold-delhaize.com
AIGLE,aigle.com
AIR FRANCE,airfrance.com
AIRIUS,airius.com
ALAIN AFFLELOU,afflelou.com
ALBERT HEIJN,albertheijn.nl
ALDI,aldi.com
ALDI FOOD STORES LTD,aldi.com
ALDI INTERNATIONAL SERVICES SE & CO. OHG,aldi.com
ALDI SÜD,aldi-sued.com
ALEXANDER MCQUEEN,alexandermcqueen.com
ALIBABA,alibaba.com
ALIBABA CLOUD,alibabacloud.com
ALIBABA GROUP,alibaba.com
ALICE À PARIS,aliceaparis.com
ALIEXPRESS,aliexpress.com
ALINEA,alinea.com
ALLEGRO,allegro.com
ALLOPNEUS,allopneus.com
ALLSAINTS,allsaints.com
ALLURE,allure.com
ALTAVIA PARIS,altavia-paris.com
ALTERMUNDI,altermundi.com
AMAC,amac.org
AMAZON,amazon.com
AMAZON BUSINESS,amazonbusiness.com
AMAZON WEB SERVICES,aws.amazon.com
AMC,amc.com
AMERICA TODAY,americatoday.com
AMERICAN TOURISTER,americantourister.com
AMERICAN VINTAGE,americanvintage.com
AMETLLER ORIGEN,ametllerorigen.com
AMEX,americanexpress.com
AMG MEDICAL,amgmedical.com
AMI PARIS,ami-paris.com
AMINA MUADDI,aminamuaddi.com
AMINA MUADDI/ AM DESIGN,aminamuaddi.com
ANTONELLE,antonelle.com
APPLE,apple.com
ARABIAN OUD,arabianoud.com
ARCTIC PAPER,arcticpaper.com
ARGEDIS / TOTAL ENERGIES,total-energies.com
ARLETTIE ONLINE,arlettie.com
ARMOR LUX,armorlux.com
ARMOR-LUX,armor-lux.com
AROBS,arobs.com
AROMA-ZONE,aroma-zone.com
ARSENAL FOOTBALL CLUB,arsenal.com
ARTSANA,artsana.com
AS WATSON,aswatson.com
ASDA SUPERMARKETS,asda.com
ASSOCIATED WEAVERS EUROPE NV,aw-europe.com
ASTERA,asteraglobal.com
ATELIER DU SOURCIL,atelierdusourcil.com
ATLASFORMEN,atlasformen.com
ATOL,atol.com
AUBADE,aubade.com
AUBADE PARIS,aubadeparis.com
AUBERT,aubert.com
AUCHAN,auchan.com
AUCHAN RETAIL,auchan.com
AUCHAN RETAIL FRANCE,auchan.fr
AUCHAN RETAIL INTERNATIONAL,auchan.com
AUCHAN.FR,auchan.fr
AUSTRALIAN RETAILERS ASSOCIATION,ara.net.au
AUTHENTIC,authentic.com
AUTOGRILL S.P.A.,autogrill.com
AUTOMOBILE CLUB DE L'OUEST,aco.fr
AVEM GROUP,avemgroup.com
AWIN,awin.com
AXA,axa.com
AXA FRANCE,axa.fr
AZULLI,azulli.com
AZURE,azure.com
B&M,bm.com
BACCARAT,baccarat.com
BACK MARKET,backmarket.com
BALENCIAGA,balenciaga.com
BALZAC PARIS,balzacparis.com
BAMBAW,bambaw.com
BANCO ITAÚ SA,itau.com.br
BANCO ITAU UNIBANCO SA,itau.com.br
BANQUE DE FRANCE,banque-de-france.fr
BANQUE POPULAIRE,banquepopulaire.fr
BANQUE POPULAIRE AUVERGNE RHÔNE ALPES,bpaura.fr
BANQUE POPULAIRE AUVERGNE RHÔNE-ALPES,banquepopulaire.fr
BARBARA BUI,barbarabui.com
BASE,base.com
BASILE,basile.com
BAZARCHIC,bazarchic.com
BEAUMANOIR,beaumanoir.com
BEAUTY SUCCESS,beautysuccess.com
BECQUET,becquet.com
BEIESDORF,beiersdorf.com
BEVH - GERMAN E-COMMERCE AND DISTANCE SELLING TRADE,bevh.org
BHV MARAIS,bhv-marais.com
BIC,bic.com
BIGBEN CONNECTED,bigbenconnected.com
BILLETWEB,billetweb.com
BIOCOOP,biocoop.fr
BIOCOOP SA,biocoop.fr
BLADE,blade.com
BLANCHE PORTE,blancheporte.com
BLANCHEPORTE,blancheporte.com
BMC,bmc.com
BNP,bnpparibas.com
BNP PARIBAS,bnpparibas.com
BNPP,bnpparibas.com
BNPPARIBAS,bnpparibas.com
BOBOCHIC,bobochic.com
BOCAGE,bocage.com
BOESNER,boesner.com
BOKU,boku.com
BONFIGLIOLI TRANSMISSIONS,bonfiglioli.com
BONG,bong.com
BONPOINT,bonpoint.com
BONPRIX,bonprix.com
BOUCHARA,bouchara.com
BOULANGER,boulanger.com
BOUYGUES TELECOM,bouyguestelecom.fr
BPCE,bpce.fr
BPOST SA,bpost.be
BRANCHEZRUGBY.FR,branchezrugby.fr
BRAND ALLEY,brandalley.com
BRICO DÉPÔT,bricodepot.com
BRICOMARCHE,bricomarche.com
BRICOPRIVE.COM,bricoprive.com
BRICOZOR,bricozor.com
BRINK'S,brinks.com
BRIOCHE DORÉE,briochedoree.com
BRITISH HEART FOUNDATION,bhf.org.uk
BROOKLYN CANDLE STUDIO,brooklyncandlestudio.com
BRUN DE VIAN-TIRAN,brundeviantiran.com
BULGARI,bulgari.com
BURBERRY,burberry.com
BUREAU VALLÉE,bureau-vallee.com
BURGER KING,burgerking.com
BUSINESS FRANCE,businessfrance.fr
BUT,but.com
BYREDO,byredo.com
C&A FRANCE,ca-france.com
CACHE CACHE,cache-cache.com
CAFE COTON,cafecoton.com
CAFÉ COTON,cafecoton.com
CAISSE D'EPARGNE IDF,caisse-epargne.fr
CAMIF MATELSOM,camif-matelsom.com
CANAL+,canalplus.com
CANAL+ GROUP,canalplus.com
CARAN D'ACHE,carandache.com
CARAPELLI,carapelli.com
CAREL,carel.com
CAREL SA,carel.com
CARLSBERG,carlsberg.com
CARMIGNAC,carmignac.com
CARMILA,carmila.com
CARREFOUR,carrefour.com
CARREFOUR BELGIUM,carrefour.be
CARREFOUR GLOBAL,carrefour.com
CARREFOUR GROUP,carrefour.com
CARREFOUR ITALIA,carrefour.it
CARREFOUR MARKET BELGIUM,carrefour.be
CARREFOUR TUNISIE,carrefour.tn
CARTIER INTERNATIONAL,cartier.com
CARTIER SA,cartier.com
CASH CONVERTERS BELGIUM,cashconverters.be
CASH CONVERTERS EUROPE,cashconverters.eu
CASH PISCINES,cash-piscines.com
CASTORAMA,castorama.com
CATALINA,catalina.com
CAUDALIE,caudalie.com
CBN,cbn.com
CCV,ccv.com
CDISCOUNT,cdiscount.com
CDP,cdp.net
CELIO,celio.com
CENNOX,cennox.com
CENTRAKOR,centrakor.com
CENTRE DES MONUMENTS NATINAUX,monuments-nationaux.fr
CENTRE DES MONUMENTS NATIONAUX,monuments-nationaux.fr
CENTRES DISTRIBUTEURS E. LECLERC,leclerc.com
CENTRIC SOFTWARE,centricsoftware.com
CHALHOUB GROUP,chalhoubgroup.com
CHAMPION,champion.com
CHANEL,chanel.com
CHANEL SAS,chanel.com
CHANTELLE,chantelle.com
CHANTELLE LINGERIE,chantelle-lingerie.com
CHAPITRE.COM,chapitre.com
CHATEAU MAIME,chateaumaime.com
CHECKPOINT SYSTEMS,checkpointsystems.com
CHEFCLUB,chefclub.com
CHEIL (SAMSUNG),cheil.com
CHLOE,chloe.com
CHOCOLATERIE DE PUYRICARD,chocolateriepuyricard.com
CHOPARD,chopard.com
CHRISTIAN DIOR COURTURE,dior.com
CHRISTIAN DIOR COUTURE,dior.com
CHRISTIAN LOUBOUTIN,christianlouboutin.com
CHRISTOFLE,christofle.com
CHRONODRIVE,chronodrive.com
"CIPHERLAB CO.,LTD",cipherlab.com
CIRANO,cirano.qc.ca
CISCO,cisco.com
CJ RETAIL SOLUTIONS GLOBAL,cjretailsolutionsglobal.com
CLAIRES,claires.com
CLARINS,clarins.com
CLARINS FRANCE,clarins.com
CLAUDIE PIERLOT,claudiepierlot.com
CLEVER-AGE,clever-age.com
CLOVING.CO.UK,cloving.co.uk
COCA-COLA EUROPACIFIC PARTNERS,ccep.com
COLRUYT GROUP,colruyt.com
COMEXPOSIUM,comexposium.com
COMMUNISIS,communisis.com
CONAD,conad.it
CONAD NORD OVEST,conadnordovest.it
CONFLUENT-DIGITAL,confluent-digital.com
CONFORAMA,conforama.com
COOP,coop.com
CO-OP,coop.com
COOP EESTI,coop.ee
COOP EESTI KESKÜHISTU,coop.ee
CO-OPERATIVE GROUP,coop.co.uk
COOPÉRATIVE U,cooperative-u.com
CORA,corahealth.com
CORNILLEAU,cornilleau.com
CORSICA FERRIES,corsica-ferries.com
COTY LUXURY,coty.com
COURIR,courir.com
COURRÈGES,courreges.com
COURSIER.FR,coursier.fr
CRAI,crai.com
CREDIT AGRICOLE DES SAVOIE,ca-des-savoie.fr
CRÉDIT DU NORD,credit-du-nord.com
CREDIT MUTUEL,credit-mutuel.com
CROCS,crocs.com
CROISIEUROPE,croisieurope.com
CROWNPEAK,crownpeak.com
CSC ITALIA,cscitalia.com
CYBEX,cybex.com
CYKON AB,cykon.se
DAFY MOTO,dafymoto.com
DAISYCON,daisycon.com
DAMART,damart.com
DAMART / DSB,damart.com
DANIEL HECHTER,danielhechter.com
DARTMOUTH,dartmouth.edu
DBVISIT,dbvisit.com
DCBRAIN,dcbrain.com
DECATHLON,decathlon.com
DECATHLON DIGITAL,decathlon.com
DECATHLON ESPAÑA SAU,decathlon.es
DECATHLON ITALIA,decathlon.it
DECATHLON SE,decathlon.com
DECATHON,decathlon.com
DEEZER,deezer.com
DEGRENNE,degrenne.com
DELCOURT,delcourt.com
DELIPOP UK,delipop.co.uk
DELL TECHNOLOGIES,dell.com
DELSEY PARIS,delseyparis.com
DELUBAC,delubac.com
DEPILTECH,depiltech.com
DESIGUAL,desigual.com
DEVIALET,devialet.com
DEVRED,devred.com
DEVRED SA,devred.com
DIGITAGS,digitags.com
DIOR,dior.com
DIOR COUTURE,dior.com
DIPTYQUE,diptyque.com
DIPTYQUE PARIS,diptyque.com
DIRK ROSSMANN GMBH,rossmann.de
DISNEY,disney.com
DISNEYLAND PARIS,disneylandparis.com
DODO,dodo.com
DOKTORABC.COM,doktorabc.com
DOLCE&GABBANA,dolcegabbana.com
DOMADOO SAS,domadoo.com
DOMINO'S PIZZA,dominos.com
DORA BRUSCHI,dorabruschi.com
DOREL FRANCE - MAXI-COSI,maxi-cosi.fr
DOUGLAS,douglas.com
DPD FRANCE,dpdfrance.com
DR PIERRE RICAUD,dr-pierre-ricaud.com
DSQUARED2,dsquared2.com
DUBAI SOUTH,dubaisouth.ae
DUFRY,dufry.com
DUTY FREE,dutyfree.com
DYPTIQUE,diptyqueparis.com
DYSON,dyson.com
E. LECLERC,leclerc.com
E.LECLERC,e-leclerc.com
EASYCASH,easycash.com
EBAY,ebay.com
EBIKE-CITY,ebike-city.com
EBULOBO,ebulobo.com
ECODYNAMIX.FR,ecodynamix.fr
ECOLE SUPÉRIEURE ESTIENNE,estienne.fr
ECOMIAM,ecomiam.com
EDEKA,edeka.de
EDEN PARK,edenpark.com
EDENLY,edenly.com
EDMOND DE ROTHSCHILD,edmond-de-rothschild.com
EIGHT ADVISORY,eightadvisory.com
EKOI,ekoi.com
ELARABY GROUP,elarabygroup.com
E-LECLERC,leclerc.com
ELECTRO DEPOT,electrodepot.com
ELIOR,elior.com
ELIOR GROUP,eliorgroup.com
ELITIS,elitis.com
ELLOS,ellos.com
ELSEVIER,elsevier.com
EMINZA,eminza.com
EMOVA GROUP,emovagroup.com
ENGIE,engie.com
ENGIE HOME SERVICES,engieservices.com
ENVIE DE FRAISE,enviedefraise.com
E-PARAPHARMACIE,e-parapharmacie.com
EPSON FRANCE,epson.fr
ERES,eres.com
ERIC BOMPARD,ericbompard.com
ERICFAVRE.COM,ericfavre.com
EROSKI S.COOP,eroski.es
ESPM ESCOLA SUPERIOR DE PROPAGANDA E MARKETING,espm.br
ESTEE LAUDER,esteelauder.com
ESTEE LAUDER COMPANIES,esteelauder.com
ESTÉE LAUDER COMPANIES,esteelauder.com
ETAM,etam.com
EURATECHNOLOGIES,euratechnologies.com
EURONICS INTERNATIONAL B.V.,euronics.com
EURONICS INTL.,euronics.com
EUROPCAR,europcar.com
EUROPEAN INVESTMENT BANK,eib.europa.eu
EVANEOS,evaneos.com
EVOLUTION,evolution.com
EVOLUTIVE-GROUP,evolutive-group.com
EVY,evy.com
EXKI,exki.com
EXPANSCIENCE,expanscience.com
EXXONMOBIL CHEMICALS,exxonmobilchemical.com
EYROLLES,eyrolles.com
FACEBOOK FRANCE SARL,facebook.fr
FAGUO,faguo.com
FARM RIO,farmrio.com
FAST RETAILING,fastretailing.com
FAST RETAILING GROUP,fastretailing.com
FAZER,fazer.fi
FERRERO,ferrero.com
FESTO,festo.com
FIMALAC,fimalac.com
FINNISH DESIGN SHOP,finnishdesignshop.com
FINTECTURE,fintecture.com
FIOULMARKET.FR,fioulmarket.fr
FLOA,floa.com
FLORAJET,florajet.com
FLORAL ATLANTA,floralatlanta.com
FNAC - DARTY,fnac-darty.com
FNAC / DARTY,fnac.com
FNAC / MSS,fnac.com
FNAC DARTY,fnacdarty.com
FNAC/DARTY,fnac-darty.com
FNACDARTY,fnacdarty.com
FONQ,fonq.nl
FONQ.NL,fonq.nl
FOODCHERI,foodcheri.com
FOOT LOCKER,footlocker.com
FOOT LOCKER EUROPE BV,footlockereurope.com
FOOT LOCKER INC.,footlocker.com
FORTNUM AND MASON PLC,fortnumandmason.com
FRAGRANCE.COM,fragrance.com
FRANÇAISE DES JEUX,fdj.fr
FRANCE GALOP,france-galop.com
FRANCE TONER,francetoner.com
FRANCE-AUTOMATISMES.COM,france-automatismes.com
FRANCK PROVOST,franckprovost.com
FRANPRIX,franprix.com
FREE,free.com
FREECOM,freecom.com
FREQUENTIEL,frequentiel.com
FUGAM - PECHEUR.COM,pecheur.com
FUJITSU FRONTECH NORTH AMERICA,fujitsufrontechna.com
FUSALP,fusalp.com
FUTUROSCOPE,futuroscope.com
G2A.COM,g2a.com
GALERIES LAFAYETTE,galerieslafayette.com
GALERIES LAFAYETTE CHAMPS ELYSÉES,galerieslafayette.com
GALERIES LAFAYETTE HAUSSMANN,galerieslafayette.com
GALP,galp.com
GANT,gant.com
GBH,gbh.org
GEDIMAT,gedimat.com
GEELY/CAOCAO,geely.com
GENERAL OPTICA,generaloptica.com
GÉRARD DAREL,gerardarel.com
GINA TRICOT,ginatricot.com
GINA TRICOT AB,ginatricot.com
GLOVO,glovoapp.com
GO SPORT,gosport.com
GO SPORT FRANCE,gosport.fr
GOOGLE CHROMEOS,chrome.google.com
GOOGLE CLOUD,cloud.google.com
GOYARD,goyard.com
GPV FRANCE,gpv-france.com
GRANDVISION,grandvision.com
GRANDVISION (ESSILOR LUXOTTICA),grandvision.com
GRANDVISION BENELUX,grandvision.nl
GREENWEEZ,greenweez.com
GREENWEEZ SA,greenweez.com
GROUPE ADP,groupeadp.fr
GROUPE ASTEN,groupe-asten.com
GROUPE BEAUMANOIR,beaumanoir.com
GROUPE BLACHERE,blachere.com
GROUPE CAMPUS,groupe-campus.com
GROUPE CANAL+,canalplus.com
GROUPE CARREFOUR,carrefour.com
GROUPE CASINO,groupe-casino.com
GROUPE CHANTELLE,chantelle.com
GROUPE COURIR,courir.com
GROUPE ERAM,eram.com
GROUPE ETAM,etam.com
GROUPE FNAC DARTY,fnacdarty.com
GROUPE JOUECLUB,joueclub.fr
GROUPE LA POSTE,laposte.fr
GROUPE LDLC,ldlc.com
GROUPE MANUTAN,manutan.com
GROUPE MARIE CLAIRE,marieclaire.com
GROUPE MARQUES AVENUE,marcavenue.com
GROUPE NOCIBE,nocibe.fr
GROUPE PIERRE FABRE,pierrefabre.com
GROUPE ROCHER,groupe-rocher.com
GROUPE SAVENCIA,savencia.com
GROUPE SEB,groupeseb.com
GROUPE V AND B,vandb.com
GROUPE WATERAIR,waterair.com
GROUPE YVES ROCHER,yves-rocher.com
GROUPEMENT DES CARTES BANCAIRES CB,cartes-bancaires.com
GROUPEMENT LES MOUSQUETAIRES,mousquetaires.com
GROUPEMENT MOUSQUETAIRES,mousquetaires.com
GROUPON FRANCE,groupon.fr
GRUPO BOTICARIO,grupoboticario.com.br
GUCCI,gucci.com
GUERLAIN,guerlain.com
GUINOT,guinot.com
H&M,hm.com
HAGER GROUP,hager-group.com
HAIRSTORE,hairstore.com
HALEON,haleon.com
HANES,hanes.com
HARIBO,haribo.com
HARLEY-DAVIDSON FRANCE,harley-davidson.fr
HARTFORD,hartford.com
HAVAS,havas.com
HEINEKEN ENTREPRISE,heineken.com
HELLENIC CONFEDERATION OF COMMERCE AND ENTREPRENEURSHIP,esee.gr
HELLOPRO,hellopro.com
HEMA,hema.com
HEMA B.V.,hema.nl
HERBALIFE,herbalife.com
HERIGE,herige.com
HERMES,hermes.com
HERMÈS,hermes.com
HERMÈS PARFUM BEAUTÉ,hermes.com
HEYTENS,heytens.com
HIFI INTERNATIONAL,hifiinternational.com
HIPANEMA,hipanema.com
HISTOIRE D'OR,histoiredor.com
HISTOIRE D'OR - THOM GROUP,histoiredor.com
HOME,home.com
HOURA,houra.com
HOURGLASS COSMETICS,hourglasscosmetics.com
HP,hp.com
HTTPS://NAMELAKA.UA/,namelaka.ua
HUAWEI,huawei.com
HUAWEI ENTREPRISE,enterprise.huawei.com
HUB ONE,hub-one.com
HUB.BRUSSELS,hub.brussels
HUGO BOSS,hugoboss.com
HUNKEMOLLER,hunkemoller.com
IBM,ibm.com
IBM CONSULTING FRANCE,ibm.com
ICA SUPERMARKET,ica.se
ICON,iconplc.com
ID&CO,idandco.com
IDGROUP,idgroup.com
IDKIDS,idkids.com
IKEA,ikea.com
IKEA FRANCE,ikea.fr
IKEA GROUP,ikea.com
IKKS GROUP,ikks.com
INFOR,infor.com
INGENICO,ingenico.com
INMAC-WSTORE,inmac-wstore.com
INOUI EDITIONS,inoui-editions.com
INSIDER,insider.com
INTERGAMMA,intergamma.com
INTERMARCHE,intermarche.com
INTERMARCHÉ,intermarche.com
INTERMARCHÉ ALIMENTAIRE INTERNATIONAL,intermarche.com
INTERPARFUM,interparfum.com
INTERSPORT,intersport.com
INTERSPORT FRANCE,intersport.fr
IRASSHAI,irasshai.com
IROBOT,irobot.com
IRRITEC,irritec.com
ISABEL MARANT,isabelmarant.com
ITAU UNIBANCO,itau.com.br
J.P. MORGAN,jpmorganchase.com
JACADI,jacadi.com
JACQUEMUS,jacquemus.com
JAPAN EXPERIENCE,japan-experience.com
JARDILAND,jardiland.com
JC DECAUX,jcdecaux.com
JCB,jcb.com
JDSPORTS PLC,jdsports.com
JEAN BOUTEILLE,jeanbouteille.com
JEFF DE BRUGES,jeffdebruges.com
JENNYFER,jennyfer.com
JM WESTON,jmweston.com
JNJ,jnj.com
JÕGEVA MAJANDUSÜHISTU,jogeva.ee
JOHN LEWIS PARTNERSHIP,johnlewispartnership.co.uk
JONAK,jonak.com
JULA AB,jula.se
JYSK,jysk.com
KANTAR WORLDPANEL,kantar-worldpanel.com
KAPORAL,kaporal.com
KAPPA,kappa.com
KAROIL - GROUPE AUTOVISION,karoil.com
KAUFLAND,kaufland.com
KAWASAKI,kawasaki.com
KCAL,kcal.com
KCAL COLLECTIVE,kcalcollective.com
KENZO,kenzo.com
KERING,kering.com
KERING GROUP,kering.com
KESKO OYJ,kesko.fi
KFC FRANCE,kfc.fr
KFC FRANCE | YUM! RESTAURANTS INTERNAT,kfc.fr
KIABI,kiabi.com
KIKO MILANO,kikomilanoshop.com
KILOUTOU,kiloutou.com
KING JOUET,kingjouet.com
KINGFISHER,kingfisher.com
KLÉPIERRE,klepierre.com
KODAKMOMENTS,kodakmoments.com
KODAKMOMENTS.,kodakmoments.com
KONTOOR BRANDS,kontoorbrands.com
KRËFEL,krefel.be
KUBII,kubii.com
KWANKO,kwanko.com
L COMMERCE,lcommerce.com
L:A BRUKET,labruket.com
LA BAGAGERIE,labagagerie.com
LA BANQUE POSTALE,labanquepostale.fr
LA CHAMBRE,lachambre.com
LA CORDÉE PLEIN AIR,lacordee.ca
LA FRANCAIS DES JEUX,fdj.fr
LA FRANCAISE DES JEUX,lfdj.com
LA GRANDE RECRE,lagranderecre.com
LA GRANDE RÉCRÉ,lagranderecre.fr
LA HALLE,lahalle.com
LA HALLE - GROUPE BEAUMANOIR,lahalle.com
LA MAISON DU CHOCOLAT,lamaisonduchocolat.com
LA MONNAIE DE PARIS,monnaiedeparis.fr
LA POSTE,laposte.fr
LA POSTE (BRANCHE GRAND PUBLIC ET NUMERIQUE),laposte.fr
LA PROCURE,laprocure.com
LA REDOUTE,laredoute.com
LABORATOIRE PIERRE FABRE DERMO COSMETIQUE,pierre-fabre.com
LABORATOIRES CINQ MONDES,cinqmondes.com
LABORATOIRES FILORGA,filorga.com
LABORATOIRES YVES ROCHER,yves-rocher.com
LABOUTIQUEOFFICIELLE.COM,laboutiqueofficielle.com
LACOSTE,lacoste.com
LACOSTE E-COMMERCE,lacoste.com
LACOSTE FRANCE,lacoste.com
LADUREE,laduree.com
LAGARDERE,lagardere.com
LAGARDÈRE TRAVEL RETAIL,lagardere-tr.com
LANCASTER,lancaster.com
LANDA,landaglobal.com
LANDMARK GROUP,landmarkgroup.com
LASCANA BRAND GROUP OTTO GMBH & CO. KGAA,lascana.de
LCL,lcl.com
LDLC.COM,ldlc.com
LE BHV MARAIS,lebhvmarais.com
LE BON MARCHE,lebonmarche.com
LE BON MARCHÉ,lebonmarche.com
LE BON MARCHÉ RIVE GAUCHE,lebonmarche.com
LE CREUSET,lecreuset.com
LE NOTRE,lenôtre.com
LE PETIT BALLON,lepetitballon.com
LE ROI DU MATELAS,leroidumatelas.com
LE ROY RENÉ,leroyrene.com
LE SLIP FRANCAIS,leslipfrancais.com
LE TANNEUR,letanneur.com
LE TEMPS DES CERISES,letempsdescerises.com
LEA NATURE,lea-nature.com
LEASI ASSETCO FRANCE (SIREN 978261444) HTTPS://LEASI.CO,leasi.co
LEBONCOIN,leboncoin.fr
LEBONCOIN (ADEVINTA),leboncoin.fr
LECLERC,leclerc.com
LEGALLAIS,legallais.com
LEMAIRE,lemaire.com
LENOVO,lenovo.com
LEROY MERLIN FRANCE,leroymerlin.fr
LEROY MERLIN UKRAINE,leroy-merlin.com.ua
LES 3 RELIQUES,les3reliques.com
LES BONNES CHOSES,lesbonneschoses.com
LES COLLECTIONNEURS,lescollectionneurs.com
LES GALERIES LAFAYETTE PARIS HAUSSMANN,galerieslafayette.com
LES GEORGETTES,lesgeorgettes.com
LES GEORGETTES BY ALTESSE,lesgeorgettes.com
LES PARFUMERIES FRAGONARD,fragonard.com
LES PETITS CHAPERONS ROUGES,lespetitschaperonsrouges.com
LES RITUELLES,lesrituelles.com
LESBENJAMINS,lesbenjamins.com
LESECHOSLEPARISIEN,lesechosleparisien.fr
LEVI STRAUSS & CO,levistrauss.com
LEVI STRAUSS & CO.,levistrauss.com
LEVIS,levi.com
LEVIS STRAUSS & CO,levi.com
L'EXCEPTION,lexception.com
LG,lg.com
LIDL,lidl.com
LIDL INTERNATIONAL,lidl.com
LIDL STIFTUNG & CO. KG,lidl.com
LIGIER GROUP,ligier-group.com
LIKI24,liki24.com
LINDERA,lindera.com
LINDT,lindt.com
LINK MOBILITY,linkmobility.com
LINXENS,linxens.com
LIPAULT,lipault.com
LITTLE BIG CHANGE,littlebigchange.com
LIVING TOURS,livingtours.com
LIVRES ET STICKERS. COM,livresetstickers.com
LOBERON GMBH,loberon.de
LOCATION VOITURE,locationvoiture.com
LOCCITANE,loccitane.com
L'OCCITANE EN PROVENCE,loccitane.com
L'OCCITANE GROUPE,loccitane.com
L'OCCITANE INTERNATIONAL SA,loccitane.com
LONDON & PARTNERS,londonandpartners.com
LONGCHAMP,longchamp.com
L'OREAL,loreal.com
LÓREAL,loreal.com
L'ORÉAL,loreal.com
L'OREAL LUXE,lorealuxe.com
LOT-ART BV,lot-art.com
LOUBOUTIN,louboutin.com
LOUIS VUITTON,louisvuitton.com
LOVE RADIUS,loveradius.com
LOVEHONEY,lovehoney.com
LOWES,lowes.com
LUDILABEL,ludilabel.com
LUHTA SPORTSWEAR COMPANY,luhta.com
LVMH,lvmh.com
LVMH BEAUTY,lvmhbeauty.com
MACOQUE.COM,macoque.com
MADAME VACANCES - EUROGROUP,madame-vacances.com
MADE.COM,made.com
MAGASINS BUT,but.com
MAIF,maif.fr
MAIL BOXES ETC.,mailboxesetc.com
MAISON 123,maison123.com
MAISON BALZAC,maisonbalzac.com
MAISON FRANCIS KURKDJIAN,maisonfranciskurkdjian.com
MAISON MONTEBELLO,maisonmontebello.com
MAISON PIERRE HARDY SAS,pierrehardy.com
MAISON STANDARDS,maisonstandards.com
MAISONS DU MONDE,maisonsdumonde.com
MAJE,maje.com
MANO MANO,manomano.com
MANOMANO,manomano.com
MANUBRICOLE.COM,manubricole.com
MANUCURIST,manucurist.com
MANUTAN INTERNATIONAL,manutan.com
MAPED,maped.com
MARC O POLO,marc-o-polo.com
MARIONNAUD,marionnaud.com
MARKS & SPENCER (M&S),marksandspencer.com
MATAS.DK,matas.dk
MATTEL,mattel.com
MAUBOUSSIN,mauboussin.com
MAX MARA FASHION GROUP,maxmara.com
MAX MARA FASHION GROUP SRL,maxmara.com
MAXICOFFEE,maxicoffee.com
MCDONALD'S,mcdonalds.com
MCDONALDS FRANCE,mcdonalds.fr
MCDONALD'S FRANCE,mcdonalds.fr
MEDIAMARKT POLAND,mediamarkt.pl
MEDIAMARKTSATURN,mediamarktsaturn.com
MÉDIAMÉTRIE,mediametrie.com
MEDIAPOST,mediapost.com
MEDIA-SATURN RETAIL GROUP GMBH,media-saturn.de
MELISSA,melissa.com
"MELVITA, GROUPE L'OCCITANE",melvita.com
MERCADONA,mercadona.es
"MERCARI, INC.",mercari.com
MERCIAN,mercian.com
MERCURE,mercure.com
MESTER GRØNN AS,mestergronn.no
METRO,metro.com
METRO CASH & CARRY ROMANIA,metro.ro
METRO CASH AND CARRY,metro.com
METRO FRANCE,metro.fr
METRO ROMANIA,metro.ro
METTLER TOLEDO,mt.com
MEUBLES IKEA FRANCE,ikea.fr
MICROMANIA,micromania.fr
MICROMANIA-ZING,micromania-zing.com
MICROSOFT,microsoft.com
MICROSOFT DEUTSCHLAND GMBH,microsoft.de
MIDAS,midas.com
MIROGLIO GROUP,mirogliogroup.com
MISTER AUTO,misterauto.com
MISTER EV,misterev.com
MISTERFLY,misterfly.com
MOBIVIA - VIA ID,mobivia.com
MODULSYSTEM SWEDEN AB,modulsystem.se
MOET & CHANDON,moet-chandon.com
MOET HENESSY,moet-hennessy.com
MOET HENNESSY,moet-hennessy.com
MOLLIE,mollie.com
MOLNLYCKE,molnlycke.com
MONCLER,moncler.com
MONDADORI FRANCE,mondadori.fr
MONDIAL TISSUS,mondial-tissus.fr
MONNAIE DE PARIS,monnaiedeparis.fr
MONNIER FRERES,monnierfreres.com
MONOPRIX,monoprix.com
MOREL,morel.com
MORGAN,morgan.com
MORGAN PHILIPS GROUP,morganphilips.com
MOTOBLOUZ,motoblouz.com
MOTOROLA SOLUTIONS,motorolasolutions.com
MOTUL,motul.com
MR BRICOLAGE,mr-bricolage.com
MRBRICOLAGE,mrbricolage.com
MULTIPLY SOFTWARE,multiplysoftware.com
MUSÉE DU LOUVRE,louvre.fr
MUSGRAVE,musgravegroup.com
MUSGRAVE LTD.,musgravegroup.com
MUZEIKO - MUNICIPAL CULTURE INSTITUTE – CHILDREN’S SCIENCE,muzeiko.com
MYLITTLEPARIS,mylittleparis.com
MYPOS,mypos.com
NASHI ARGAN,nashiargan.com
NATUR’HALLES,naturhalles.com
NATURA,natura.com
NATURABRASIL,naturabrasil.com
NATURASÌ,naturasi.it
NATURE ET DECOUVERTES,natureetdecouvertes.com
NATURE ET DÉCOUVERTES,natureetdecouvertes.com
NAYAX,nayax.com
NEINVER,neinver.com
NESPRESSO,nespresso.com
NESTLE WATERS MARKETING ET DISTRIBUTION,nestlewaters.com
NETAFFILIATION,netaffiliation.com
NEW BALANCE,newbalance.com
NEWREST,newrest.com
NIKE RETAIL BV,nike.com
NLABORATOIRE,nlaboratoire.com
NOCIBE,nocibe.com
NORAUTO,norauto.com
NORAUTO FRANCE,norauto.fr
NORAUTO INTERNATIONAL,norauto.com
NORM HALI MOBILYA TEKSTIL URÜNLERI,normhali.com
O2FEEL,o2feel.com
OCTOPIA,octopia.com
OFFICE DU TOURISME & DES CONGRÈS PARIS,parisinfo.com
OFFICE PLUS,officeplus.com
OLINN,olinn.com
OLIVER STORE,oliverstore.com
OLIVIERS&CO,oliviersandco.com
O'MALO,omalo.com
OMY,omy.com
ON,on-running.com
ON AG,on-running.com
ON RUNNING,on-running.com
ONEPILOT,onepilot.com
ONEYTRUST,oneytrust.com
OPTCONNECT,optconnect.com
OPTEVEN,opteven.com
ORANGE,orange.com
ORANGE BANK,orangebank.com
ORANGE BUSINESS,orange-business.com
ORANGE FRANCE,orange.fr
ORBICO GROUP,orbico.com
ORIGINALITALIA,originalitalia.com
OSÉE,osee.com
OTTO GMBH & CO. KGAA,otto.de
OTTO GROUP,otto-group.com
OUTIROR,outiror.com
OVHCLOUD,ovh.com
PALAIS DES THÉS,palaisdesthes.com
PANDORA,pandora.net
PAPIER TIGRE,papiertigre.com
PAPIER-METTLER FRANCE,papier-mettler.fr
PARFUM CHRISTIAN DIOR,dior.com
PARFUMS CHRISTIAN DIOR,dior.com
PARIS SAINT-GERMAIN,psg.fr
PARIS-SOCIETY,paris-society.com
PARROT,parrot.com
PATAUGAS,pataugas.com
PATHÉ,pathe.com
PATHÉ SWITZERLAND,pathe.ch
PATTERN,pattern.com
PAULINE MODE,paulinemode.com
PAX,paxgaming.com
PENTI,penti.com
PEPKOR,pepkor.co.za
PERFECT CORP,perfect-corp.com
PERFECT STAY,perfectstay.com
PERFUMES E COMPANHIA,perfumescompanhia.com
PERNOD-RICARD,pernod-ricard.com
PETIT BATEAU,petit-bateau.com
PETIT BEGUIN,petitbeguin.com
PETITECHAMBRE.FR,petitechambre.fr
PHILIPS TP VISION,tpvision.com
PHOTOBOX,photobox.com
PICARD,picard.com
PICARD SURGELES,picardsurgeles.com
PICWIC,picwic.com
PICWIC TOYS,picwic.com
PIERRE & VACANCES,pierrevacances.com
PIERRE FABRE CONSUMER HEALTH CARE,pierrefabre.com
PIERRE HARDY,pierre-hardy.com
PIMKIE,pimkie.com
PISCINES WATERAIR,waterair.com
PITTAROSSO,pittarosso.com
PIXMANIA,pixmania.com
PLANET SUSHI,planetsushi.com
PLANITY,planity.com
PLASTOY,plastoy.com
POINT P SA,point-p.com
POLA INC.,polacosmetics.com
POLAAR,polaar.com
POLENE PARIS,polene-paris.com
POUJOULAT,poujoulat.com
PRADA SPA,prada.com
PRADEL,pradel.com
PREMIERE VISION,premierevision.com
PRET A MANGER,pret.com
PREZZEE,prezzee.com
PREZZO,prezzo.com
PRINTEC,printec.com
PRINTEC GROUP,printecgroup.com
PRINTEMPS,printemps.com
PRIVATBANK,privatbank.com.ua
PROBIKESHOP,probikeshop.com
PROCOS,procos.com
PROMOD,promod.com
PROMOSALONS,promosalons.com
PSG,psg.fr
PUIG,puig.com
PUMA GROUP,puma.com
PVH,pvh.com
PYLONES,pylones.com
PYLONES SAS,pylones.com
QOBUZ,qobuz.com
QONTO,qonto.com
QUADIENT,quadient.com
QUITOQUE,quitoque.com
RAGT,ragt.com
RAJA SA,raja.com
RAK PORCELAIN EUROPE SA,rakporcelaineurope.com
RAKUTEN,rakuten.com
RALPH LAUREN,ralphlauren.com
RALPHLAUREN,ralphlauren.com
RAND,rand.org
RATP,ratp.fr
RED LORRY YELLOW LORRY,rlyl.com
RELAIS COLIS,relais-colis.com
REMA 1000 NORGE,rema1000.no
REMA 1000 NORGE A/S,rema1000.no
REMA 1000 NORGE AS,rema1000.no
REMA 1000 NORWAY,rema1000.no
RENAULT,renault.com
REPETTO,repetto.com
RETAIL COUNCIL OF CANADA,retailcouncil.ca
RETURNGO,returngo.com
RÉUTEC,reutec.com
REVOLUT BUSINESS,business.revolut.com
REWE DEUTSCHER SUPERMARKT AG & CO. KGAA,rewe.de
REWE GROUP / REWE MARKT GMBH,rewe.de
REXEL,rexel.com
RICHARDSON,richardson.com
RICHEMONT,richemont.com
RICHEMONT INTERNATIONAL SA,richemont.com
RICOH INDUSTRIE FRANCE,ricoh.fr
RIMOWA,rimowa.com
RITUALS COSMETICS,rituals.com
ROBERTO CAVALLI,robertocavalli.com
ROBINDESBOIS.COM S.A.S.,robindesbois.com
ROCHE BOBOIS,roche-bobois.com
ROGER VIVIER,rogervivier.com
ROHLIK,rohlik.cz
ROOTED BROOKLYN,rootedbrooklyn.com
ROUGEGORGE,rougegorge.com
ROUGIER&PLÉ,rougierple.com
ROUJE,rouje.com
ROYAL CANIN,royalcanin.com
ROYAL COMMISSION FOR RIYADH CITY,rcrc.gov.sa
RTB HOUSE,rtbhouse.com
RTL - RTL CONSOMMATION,rtl.fr
RUEDUCOMMERCE / LDLC,rueducommerce.com
SAAB,saab.com
SABON FRANCE,sabonfrance.com
SAFESCAN,safescan.com
SAINSBURY'S,sainsburys.co.uk
SAINT JAMES,saint-james.com
SAINT MACLOU,saint-maclou.com
SAINT-GOBAIN,saint-gobain.com
SAINT-GOBAIN DISTRIBUTION BÂTIMENT FRANCE,saint-gobain.fr
SAINT-LAURENT,ysl.com
SAINT-MACLOU,saint-maclou.com
SALECYCLE,salecycle.com
SAMARITAINE - GROUPE LVMH,samaritaine.com
SAM'S CLUB,samsclub.com
SAMSUNG,samsung.com
SANDRO,sandro.com
SANTANDER,santander.com
SANTÉDISCOUNT,santediscount.com
SAPIENS,sapiens.com
SCHMIDT GROUPE,schmidt-groupe.com
SCHNEIDER ELECTRIC,schneider-electric.com
SCHWARZ DIGITAL GMBH & CO. KG,schwarz-digital.de
SCREENONDEMAND,screenondemand.com
SCULPTA SWIM,sculptaswim.com
SEIKO INSTRUMENTS GMBH,seiko-instruments.de
SELF,self.com
SELGROS,selgros.com
SELLSY,sellsy.com
SEPHORA,sephora.com
SEPHORA COLLECTION,sephoracollection.com
SEPHORA SA,sephora.com
SEVENTURE PARTNERS,seventurepartners.com
SEZANE,sezane.com
SÉZANE,sezane.com
SFR,sfr.fr
SFR DISTRIBUTION,sfr.com
SHEETZ,sheetz.com
SHEIN,shein.com
SHELL,shell.com
SHELL FRANCE,shell.fr
SHELL INTERNATIONAL,shell.com
SHELL INTERNATIONAL PETROLEUM COMPANY LTD,shell.com
SHIFT4,shift4.com
SHISEIDO EMEA,shiseido.com
SHOEBY,shoeby.com
SHOPCAISSE,shopcaisse.com
SHOWROOMPRIVE,showroomprive.com
SIAL CHINA,sialchina.com
SIG FRANCE,sig-france.com
SILVERLIT,silverlit.com
SINCH,sinch.com
SISLEY,sisley.com
SISLEY PARIS,sisley-paris.com
SITOO,sitoo.com
SITOUR,sitour.com
SMARTBOX,smartbox.com
SMCP,smcp.com
SMCP GROUPE,smcp-group.com
SNCF,sncf.com
SNCF CONNECT,sncf-connect.com
SNCF VOYAGEURS,sncf.com
SNOWLEADER,snowleader.com
SOCIÉTÉ BIC,bic.com
SOCIETE GENERALE,societegenerale.com
SOCIÉTÉ GENÉRALE,societegenerale.com
SOCIÉTÉ GÉNÉRALE,societegenerale.com
SOCIÉTÉ GÉNÉRALE PRIVATEBANKING,privatebanking.societegenerale.com
SODEXO,sodexo.com
SODEXO FRANCE,sodexo.fr
SOLUTIONS 30,solutions30.com
SOLUTIONS30,solutions30.com
SONAE - BRIGHT PIXEL,brightpixel.com
SON-VIDÉO,son-video.com
SONY EUROPE LIMITED,sony.eu
SPARTOO,spartoo.com
SPARTOO SAS,spartoo.com
SPECSAVERS,specsavers.com
SPECSAVERS OPTICAL GROUP,specsavers.com
SPEEDWAY,speedway.com
SPORT 2000,sport2000.com
SPORT 2000 FRANCE - CERACLES COOPERATIVE,sport2000.fr
SPORT2000,sport2000.com
SPORT-GUIDE.COM,sport-guide.com
SPORTISIMO S.R.O.,sportisimo.cz
STIGA SAS,stiga.com
STIHL,stihl.com
STOKOMANI,stokomani.com
STRIPE,stripe.com
STUDENAC,studenac.hr
STUDIO UNIVERSAL,studiouniversal.com
STUDIO ZERANCE,studiozerance.com
SUBSTANS GROUP,substansgroup.com
SUD EXPRESS,sud-express.com
SUEZ,suez.com
SUNDAY,sunday.com
SUNMI,sunmi.com
SUPERDRY,superdry.com
SUPERMARCHÉS MATCH,match.com
SUPER-PHARM,super-pharm.com
SUSHI SHOP,sushishop.com
SVS,svsound.com
SWAROVSKI,swarovski.com
SWATCH,swatch.com
SWATCH GROUP,swatch.com
SWATCH GROUP FRANCE,swatch.fr
SWEDISH TRADE FEDERATION (SVENSK HANDEL),svenskhandel.se
SWEETLILY SKINCARE,sweetlilyskincare.com
SWILE,swile.com
SWISS SENSE BV,swisssense.com
SYMBOLES DE FRANCE,symbolesdefrance.com
SYSTEME U,systeme-u.fr
SYSTÈME U,systeme-u.fr
TALLY WEIJL.,tally-weijl.com
TARTINE & CHOCOLAT,tartine-et-chocolat.com
TCL,tcl.com
TCL TECHNOLOGY,tcl.com
TELENET,telenet.com
TEMERA,temera.com
TEMU.COM,temu.com
TENCENT,tencent.com
TERRAILLON,terraillon.com
TESCO,tesco.com
TESCO PLC,tesco.com
THE KASE,thekase.com
THE KOOPLES,thekooples.com
THE SWATCH GROUP (ITALIA) S.P.A.,theswatchgroup.com
THE SWATCH GROUP FRANCE,swatch.fr
THE WALT DISNEY COMPANY,disney.com
THE WALT DISNEY COMPANY FRANCE,disney.fr
THIELMANN,thielmann.com
THUASNE,thuasne.com
TIFFANY,tiffany.com
TIFFANY & CO,tiffany.com
TIFFANY AND CO.,tiffany.com
TITANIC BELFAST,titanicbelfast.com
TOM AND CO,tomandco.com
TOMMY HILFIGER,tommy.com
TOTALENERGIES,totalenergies.com
TOUPRET,toupret.com
TOUS,tous.com
TRADEDOUBLER,tradedoubler.com
TREND MICRO,trendmicro.com
TRIANGELN SHOPPING CENTER,triangeln.se
TRIGANO,trigano.com
TRIGANO JARDIN,triganojardin.com
TUMI,tumi.com
TURKCELL,turkcell.com.tr
UNILEVER,unilever.com
UNIQLO,uniqlo.com
UNIVERS DECOR,universdecor.com
UPCOOP,upcoop.com
URBN,urbn.com
URW,urw.com
US LUGGAGE,usluggage.com
V33 SA,v33.com
VALUE RETAIL,valueretail.com
VAN CLEEF & ARPELS,vancleefarpels.com
VANCLEEF & ARPELS,vancleefarpels.com
VANESSA BRUNO,vanessabruno.com
VAPIANO,vapiano.com
VAPOSTORE,vapostore.com
VATAN BILGISAYAR AS,vatanbilgisayar.com
VEDIFOOD,vedifood.com
VEEPEE,veepee.com
VEJA,veja.com
VENTE UNIQUE,vente-unique.com
VERBAUDET,verbaudet.com
VERCEL,vercel.com
VERIFONE,verifone.com
VERTBAUDET,vertbaudet.com
VERYCHIC,verychic.com
VESTIAIRE COLLECTIVE,vestiairecollective.com
VF COPORATION,vfc.com
VF CORPORATION,vfc.com
VIC,vic.com
VILLEROY & BOCH ADT,villeroy-boch.com
VINTED,vinted.com
VIPSHOP,vipshop.com
VISA,visa.com
VIS-EXPRESS,vis-express.com
VISPERO,vispero.com
VISPLAY,visplay.com
VITALE BARBERIS CANONICO,vitalebarberiscanonico.com
VO2 GROUP,vo2group.com
VOCOVO,vocovo.com
VOLCOM,volcom.com
VOLVO TRUCKS CORPORATION,volvotrucks.com
VORWERK FRANCE,vorwerk.fr
VORWERK INTERNATIONAL & CO. KMG,vorwerk.com
VÔTRES,votres.com
VOX CAPITAL,voxcapital.com
WASTE2WEAR,waste2wear.com
WE FASHION,wefashion.com
WEDARELAB / GROUPE ETAM,etam.com
WEDARELAB/GROUPE ETAM,etam.com
WELKOOP,welkoop.com
WELLA,wella.com
WEMAP,wemap.com
WETHENEW,wethenew.com
WHIRLPOOL,whirlpool.com
WICKES,wickes.co.uk
WICKES BUILDING SUPPLIES,wickes.co.uk
WICKES GROUP PLC,wickes.co.uk
WIELAND ELECTRIC,wieland-electric.com
WILSON SPORTING GOODS,wilson.com
WINOA,winoa.com
WISEED,wiseed.com
WISEPOPS,wisepops.com
WOLFORD,wolford.com
WONDERBOX,wonderbox.com
WOODBRASS,woodbrass.com
WOOLWORTHS,woolworths.com.au
WORKDAY,workday.com
WORLDIA,worldia.com
YAMAMAY,yamamay.com
YELLOWKORNER,yellowkorner.com
YESCAPA,yescapa.com
YOUSCRIBE,youscribe.com
YSÉ,yse.com
YVES ROCHER,yvesrocher.com
YVES ROCHER FRANCE,yvesrocher.fr
YVES SAINT LAURENT,yslbeauty.com
ZALANDO AG,zalando.com
ZEBRA,zebra.com
ZEBRA TECHNOLOGIES,zebra.com
ZODIO,zodio.com
ZOLPAN,zolpan.com
ZUCCHETTI,zucchetti.com
1979 RETAIL,1979retail.com
20 DIVIN,20divin.com
5 A SEC,5asec.com
5COM,5com.com
900.CARE,900.care
A2CAPARTNERS,a2capartners.com
AARADHYA,aaradhya.com
ABCOSMETIQUE,abcosmetique.com
ADEIZ,adeiz.com
ADENAO,adenao.com
AFI-ESCA,afi-esca.org
AFILIZA,afiliza.com
AGORASTORE,agorastore.com
AGROMAT,agromat.com
AIGLE INTERNATIONAL,aigleinternational.com
AIME,aime.org
AKIMOFF,akimoff.com
ALGAM,algam.com
ALISCOM,aliscom.com
ALLIANCE AVANTAGES,allianceavantages.fr
ALLOPNEU,allopneu.com
ALMÉ,alme.com
ALPHAETBETA,alphaetbeta.com
AMERICAN EXPRESS PAYMENT EUROPE,americanexpress.com
AMIBOIS,amibois.fr
ANDRE,andre.com
ANM,anm.com
ANSEA,ansea.com
ANTONIO PUIG,antoniopuig.com
APEX,apex.com
API DISTRIBUTION SAS,api-distribution.com
APIS,apis.com
APULIA DISTRIBUZIONE,apuliadistribuzione.it
ARESSY,aressy.com
ARF,arf.org
ARFACTORY,arfactory.com
ARGEDIS,argedis.com
ARGURA,argura.com
ARMAND THIERY SAS,armandthiery.fr
ARTÉKA PRODUCTIONS,arteka.com
AS WATSON GROUP AG,aswatson.com
AS WATSON H&B,aswatson.com
ASALI FOODS,asalifoods.com
ASH GROUPE,ash-groupe.com
ATBMARKET LLC,atbmarket.com
ATELIER 41,atelier41.fr
ATOMICSELLER,atomicseller.com
ATS,ats.com
AUDIOPTIC,audioptic.com
AURES KONNECT,aureskonnect.com
AUTOPAY,autopay.com
AVIV GROUP,avivgroup.com
AZ EDITIONS,azeditions.com
AZERTY,azerty.com
B DIRECT,bdirect.com
B&M FRANCE SAS,bm-france.fr
BABOU,babou.fr
BACCHUS,bacchus.com
BALZAC PARIS RETAIL,balzacparis.com
BAMBINS DECO,bambinsdeco.com
BANDIT PARIS,banditparis.com
BANGLE-UP,bangle-up.com
BANQUE POPULAIRE DU NORD,banquepopulaire.fr
BARCODIS,barcodis.com
BARNACLE,barnacle.com
BATCH,batch.com
BCS GROUP,bcsgroup.com
BDA,bda.com
BDF,bdf.com
BEECOM,beecom.com
BEK,bek.com
BEL GROUPE,bel-groupe.com
BELLOTA BELLOTA,bellotabellota.com
BESSON,besson.com
BESSON CHAUSSURES,bessonchaussures.fr
BESTSELLER SERVICES B.V,bestsellerservices.com
BEYOND EVENTS,beyondevents.com
BGC,bgc.com
BHV,bhv.com
BIGBLUE,bigblue.com
BIMEDIA,bimedia.com
BIOCONCEPT,bioconcept.com
BIORREX,biorrex.com
BLACKBIRD,blackbird.com
BLUESTAR,bluestar.com
BM,bm.com
BMKA - ESPRIT-BARBECUE,esprit-barbecue.fr
BOGART,bogart.com
BOGART GROUP,bogart-group.com
BON POINT,bon-point.com
BONNE MANIERE SAS,bonne-maniere.fr
BOOPSHOP,boopshop.com
BOOSTRAVEL,boostravel.com
BOSCHAT LAVEIX,boschatlaveix.fr
BOTANIC,botanic.com
BOTMIND,botmind.com
BPACK,bpack.com
BRAND FUTURES,brandfutures.com
BRANDYE,brandye.com
BRICO IO,brico-io.com
BRICOMMERCE,bricommerce.com
BURGER ET CIE,burgeretcie.fr
BUT CONFORAMA,conforama.fr
C10,c10.com
CABESTO,cabesto.com
CACTUS S.A.,cactus-sa.com
CALAIS TRUCKSTOP,calaistruckstop.fr
CALYPSA,calypsa.com
CAMBON PARTNERS,cambonpartners.com
CAMPINGS,campings.com
CAPACITUM LTD,capacitum.com
CAPS,caps.org
CARDIWEB,cardiweb.com
CARIZY,carizy.com
CARREFOUR LINKS,carrefourlinks.fr
CARREFOUR SYSTEME D'INFORMATION,carrefoursi.fr
CARREFOUR SYSTEMES D'INFORMATION,carrefour-si.fr
CARTER-CASH,carter-cash.com
CASHSYSTEMES,cashsystemes.com
CASINO,casino.com
CAVES CARRIÈRE,cavescarriere.fr
CB SERVICES,cbservices.com
CD TEL,cdtel.com
CDF,cdf.org
CENTRAKOR BRET ET TARDY,centrakor.fr
CENTRAKOR WEB,centrakor.fr
CERTIDEAL,certideal.com
CF360,cf360.com
CHALLENGES,challenges.com
CHAMPION ENTREPRISES,championentreprises.fr
CHANEL COORDINATION SAS,chanel.fr
CHECK PLANET,checkplanet.com
CHEIL,cheil.com
CHUANGDIAN EXPO,chuangdian-expo.com
CHULLANKA,chullanka.com
CIC,cic.com
CIGALE ET FOURMI,cigaleetfourmi.fr
CIGUSTO,cigusto.com
CIM,cim.com
CINE GROUP,cinegroup.com
CLAYM,claym.com
CLAYSIDE,clayside.com
CLC COMMUNICATION,clccommunication.com
CLEAN STRIKE,cleanstrike.com
CLEON,cleon.com
CLOVEN,cloven.com
CLUB ENSEIGNE ET INNOVATION,clubenseigne.fr
CMC,cmc.com
CNCC,cncc.com
CNP,cnp.com
COALIMENT,coaliment.com
COFEL,cofel.com
COFIDIS GROUPE,cofidis.fr
COLIM,colim.com
COLISCONSULT,colisconsult.com
COLIZEY,colizey.com
COLLECTIONS IMPERIALES,collectionsimperiales.fr
COLOR ACADEMY,coloracademy.com
COMAVE,comave.com
COMEBACK,comeback.com
COMEOS ASBL,comeos.be
COMPAGNIE DES ALPES,compagniedesalpes.com
COMPASS GROUP FRANCE,compassgroup.fr
CONFEDERAÇÃO NACIONAL DE DIRIGENTES LOJISTAS,cndl.org.br
CONFÉDÉRATION NATIONALE DES BURALISTES DE FRANCE,buralistes.fr
CONNEXION BOIS DIRECT,connexionboisdirect.fr
COOC,cooc.org
COOPERATIVE U,cooperativeu.org
COOPERATVE U,cooperative.com
COPYTOP,copytop.com
CORA FRANCE,corafrance.fr
COTE SUSHI,cote-sushi.fr
CREADEV,creadev.com
CREATHLON,creathlon.com
CRYUI,cryui.com
CSI,csi.com
CSP,csp.com
CULTURA,cultura.com
DARING GROUP,daring-group.com
DECITRE INTERACTIVE,decitre.fr
DECOINPARIS,decoinparis.com
DEFI,defi.com
DÉKUPLE,dékuple.com
DELI HEMP,delihemp.com
DELUPAY,delupay.com
DES CLICK,desclick.com
DESIGNER,designer.com
DESTOCK BABY,destockbaby.com
DEUX-TRENTE,deux-trente.fr
DIEMMEFOOD,diemmefood.com
DIGITAL POUR VOUS,digitalpourvous.fr
DIGITAL VILLAGE,digitalvillage.com
DILA,dila.com
DIM,dim.com
DISTRICENTER,districenter.com
DISTRICO,districo.com
DMC,dmc.com
DND,dnd.com
DODO SAS,dodo.fr
DRAWER,drawer.com
DRIVER,driver.com
DS55 FREEMAN PORTER,freemanporter.com
DWEET,dweet.com
DX OPTICAL,dxoptical.com
DYNAMIC VIEW,dynamicview.com
E.LECLERC ETAMPES,e-leclerc.fr
E.LECLERC LE CHATELET EN BRIE,e-leclerc.fr
EASY CASH,easycash.com
EASYTRANSAC,easytransac.com
ECENTIME,ecentime.com
ECHELON AVISORY,echelonav.com
ECODESTOCK,ecodestock.com
ECOMMERCE MAG,ecommercemag.com
EDITIONS DU BOIS BAUDRY,editionsduboisbaudry.fr
EDONE,edone.com
EFASHION PARIS,efashionparis.com
ELETROGEL REFRIGERACAO LTDA,eletrogel.com.br
EMBALLAGE,emballage.fr
EMOSENS,emosens.com
ENDRO,endro.com
ENILIVE,enilive.com
ENTREPOT DU BRICOLAGE,entrepotdubricolage.fr
ENVI,envi.com
EP POS,eppos.com
EPC CHAMPAGNE,epc-champagne.com
EPER DIS,eperdis.com
EPHIGEA,ephigea.com
ERITA,erita.com
ERMES,ermes.com
ESPRIT BARBECUE,espritbarbecue.com
EVF OFFICIEL,evfofficiel.fr
EXCO,exco.com
EXM,exm.com
FABRIQ PR,fabriqpr.com
FACE TO FACE,face-to-face.com
FACILECOMM,facilecomm.com
FACT,fact.org
FB SERVIZI,fbservizi.com
FBH GROUP,fbhgroup.com
FC DESIGN,fcdesign.com
FEU VERT,feuvert.fr
FEVER,fever.com
FFF,fff.com
FGROUPE GALERIES LAFAYETTE,galerieslafayette.fr
FILEDANSTACHAMBRE.COM,filedanstachambre.com
FINSBURY,finsbury.com
FIPOS,fipos.com
FIT BODY CURVE,fitbodycurve.com
FLEUX,fleux.com
FOODIZ,foodiz.com
FOODIZ GROUP,foodizgroup.com
FRANCE BUREAU,francebureau.fr
FRANCE RESTAURATION RAPIDE,francerestaurationrapide.fr
FRENCHSYS,frenchsys.com
FRS CONSULTING,frsconsulting.com
GALATEA BEAUTY,galateabeauty.com
GALEC - E.LECLERC,galec-e.leclerc.fr
GALERIES LAFAYETTE / HERMIONE RETAIL,galerieslafayette.com
GALERIES LAFAYETTE HORLOGERIE BIJOUTERIE,galerieslafayette.fr
GALILÉE,galilee.fr
GAZINOX,gazinox.com
GBB,gbb.com
GEEKO SAS,geeko.fr
GEMO,gemo.com
GEODEAL,geodeal.com
GETREADY GROUP LTD.,getreadygroup.com
GIFI,gifi.com
GIM-UEMOA,gim-uemoa.org
GLOBAL RETAIL ALLIANCE,globalretailalliance.com
GOODMIND,goodmind.com
GPASPLUS,gpasplus.com
GRAIN DE MALICE,graindemalice.fr
GROUP RG,grouprg.com
GROUPE AKSAL,groupeaksal.com
GROUPE LEDUFF,groupe-leduff.fr
GROUPE PRINTEMPS,printemps.com
GROUPE RAND,grouperand.com
GROUPE RAVATE,ravate.fr
GROUPE TERRE DE RUNNING,terre-de-running.fr
GROUPE UBIQUE,groupeubique.com
HACHETTE COLLECTIONS,hachettecollections.com
HACKETT SAS,hackett.com
HAPPY CURL,happycurl.com
HAPPYCURL,happycurl.com
HAPPYWOOL,happywool.com
HARMONY BOX,harmonybox.com
HAZELNUT,hazelnut.com
HELFRICH,helfrich.com
HELIOS WEB,heliosweb.com
HELLOMOON SHOP,hellomoonshop.com
HEMA DIGITAL,hemadigital.com
HEMA HOOFDKANTOOR,hema.nl
HEXANATURE S.A.S.,hexanature.com
HIGH-STICKERS,high-stickers.com
HK STRATEGIES,hkstrategies.com
HM TELECOM,hmtelecom.com
HOMIFAB,homifab.com
HOT,hot.com
HR,hr.com
HUAQIN,huaqin.com
"HUAQIN TECHNOLOGY CO.,LTD.",huaqin.com
HURA,hura.com
HUXLEY,huxley.com
HYGGELIG,hyggelig.com
IADS,iads.com
IBCBS,ibcbs.com
ID GROUP,idgroup.com
IEVA GROUP,ievagroup.com
IF65,if65.com
IJSVOGEL RETAIL B.V.,ijsvogelretail.com
ILLI&CO,illi-co.com
ILLICADO,illicado.com
INDUSTRY,industry.com
INFOMIL,infomil.com
INTEGRA,integra.com
INTERNET FACTORY,internetfactory.com
INTUITI,intuiti.com
IP SYSTEMES,ip-systemes.fr
ISKAYPET,iskaypet.com
ISRA,isra.org
ITM,itm.com
ITM AI,itmai.com
IUNXI GROUP,iunxi.com
IVS,ivs.com
JADEO,jadeo.com
JE M'ABONNE,je-m-abonne.fr
JEREM,jerem.com
JJA,jja.com
JJA SA,jjasa.com
JLOO,jloo.com
JOA,joa.com
JREVENTURES,jreventures.com
JULES,jules.com
JULIEN D'ORCEL SYNALIA,synalia.fr
KAIZEN AGENCY,kaizenagency.com
KAM,kam.com
KARAVEL,karavel.com
KEBHOUZE,kebhouze.com
KELLYDELI,kellydeli.com
KELPROMO,kelpromo.com
KID,kid.com
KINGJOUET,kingjouet.com
KIVISENSE,kivisense.com
KIWEE.CARE,kiwee.care
KIWIK,kiwik.com
KOLIBIO,kolibio.com
KONTOORBRANDS,kontoorbrands.com
KOTAI KITCHEN,kotaikitchen.com
KRYS,krys.com
KRYS GOUP SERVICES,krysgroup.com
KRYS GROUP,krysgroup.com
LA BOUTIQUE DU COIFFEUR,laboutiqueducoiffeur.fr
LA MIE CALINE,lamiecaline.fr
LA POSTE SOLUTIONS BUSINESS,lapostesolutionsbusiness.fr
LA SAMARITAINE SOCIÉTÉ FONCIÈRE,la-samaritaine.fr
LA TOUCHE CONFIDENTIELLE,latoucheconfidentielle.fr
LABEL EMMAUS,labelemmaus.fr
LABONAL,labonal.com
LABO-NOIR,labo-noir.com
LAFITE,lafite.com
LAFRENCHI,lafrenchi.com
LAGARD,lagard.com
LANDMARK GROUP - SPLASH,landmarkgroup.com
LARTISIEN EVENTS,lartisien-events.fr
LD,ld.com
LE DRESSING DE SARAH D,ledressingdesarahd.fr
LEADERSANTE GROUPE,leadersante.fr
LEGATIA,legatia.com
LEMON GROUP,lemongroup.com
LENDISMART SL,lendismart.com
LERO,lero.com
LES MARMOTS,lesmarmots.fr
LES TENDANCES,lestendances.fr
LFI,lfi.com
LIGA-TECH LLC,liga-tech.com
LINEN BEAR,linenbear.com
LISA DESIGN,lisadesign.com
LITTLE CANDY SRL,littlecandy.com
LITTLE SOUVENIR,littlesouvenir.com
LM COMMERCE,lmcommerce.com
LMV,lmv.com
LOGICITES,logicites.com
LOJAS TORRA,lojastorra.com
L'OREALDGO,loreal.com
LOUVINI,louvini.com
LTRF,ltrf.org
LUCKEY HOMES,luckyhomes.com
LUNALOGIC,lunalogic.com
LVMH BEAUTY TECH,lvmhbeautytech.com
LVMH RECHERCHE,lvmhrecherche.com
M19,m19.com
MACIF AVANTAGES,macifavantages.fr
MADAME SEW,madamesew.com
MADE IN SENS,madeinsens.com
MADLADY AB,madlady.se
MAGNOVENT,magnovent.com
MAISON & BEAUTÉ,maisonetbeaute.com
MAISON DE PARFUM BERRY,maisondeparfumberry.com
MANFIELD,manfield.com
MANORGA,manorga.com
MARCEL ET FILS,marceletfils.fr
MARS EFFEM,mars.com
MATHON,mathon.com
MAXITOYS,maxitoys.com
MCDO FRANCE,mcdo.fr
MEGA IMAGE S.R.L. (PART OF AHOLD DELHAIZE),megaimage.com
MERCATEL,mercatel.com
MFBG,mfbg.com
MIDAS EUROPE,midas-europe.com
MILLET MOUNTAIN GROUP,milletmountaingroup.com
MIXDATA,mixdata.com
MIXE,mixe.com
MMK,mmk.com
MOBEELUX,mobeelux.com
MOBILE FOR YOU S.L.,mobileforyou.com
MODALIA,modalia.com
MOJOVIDA,mojovida.com
MONEY30,money30.com
MONSIEUR STYLE,monsieurstyle.com
MOREX,morex.com
MOTIER VENTURES,motierventures.com
MOUSQUETAIRES,mousquetaires.fr
MP LABO,mplabo.com
MULTI-PASS,multipass.com
MY LIVING BLOOM,mylivingbloom.com
MY RETAIL BOX,myretailbox.com
MYSMAG,mysmag.com
NAOMI,naomi.com
NATALICAFE,natalicafe.com
NATUREDEA,naturedea.com
NATURIOS SLU,naturios.com
NCPI,ncpi.org
NEBA,neba.org
NEBULEUSE,nebuleuse.fr
NEO 26,neo26.com
NEOS SalesE SRL,neosse.com
NEOWOOD,neowood.com
NETQUATTRO,netquattro.com
NEW YORKER FASHION GMBH,newyorkerfashion.de
NEWCLIMA,newclima.com
NICOLAS,nicolas.com
NOSOLI,nosoli.com
NOTIFY,notify.com
NOVI,novi.com
NOZ,noz.com
NUTRIMUSCLE,nutrimuscle.com
NUXTLABS,nuxtlabs.com
O2DIS,o2dis.com
OBJETRAMA,objetrama.com
OCD,ocd.org
OCTAVE,octave.org
OCTOBER,october.com
OFCE,ofce.fr
OIA BEAUTE,oia-beaute.com
OKALI,okali.com
OLIVER'STORE,oliversstore.com
OMAR SRL,omasrl.com
OMRANE,omrane.fr
ONATI SAS,onati.com
ONEPOINT,onepoint.com
ÔPACK,opack.com
OPENBANQ,openbanq.com
OPENWAY,openwaygroup.com
OPTIMALWAYS,optimalways.com
ORAC,orac.com
ORANGE STORE,orangestore.com
ORCHESTRA,orchestra.com
ORIENTIS GOURMET,orientisgourmet.com
ORIGINI ITALIA,originiitalia.com
OSCARO POWER,oscaro.com
OUIACT,ouiact.com
PAC2000A SOCIETA COOPERATIVA,pac2000a.it
PAC2000A SOCIETÀ COOPERATIVA,pac2000a.it
PANPA,panpa.org
PASSCLOUD,passcloud.com
PATAPAIN,patapain.com
PAULINEMODE,paulinemode.com
PAYCOMPLETE,paycomplete.com
PB STUDIO,pbstudio.com
PERIFEM,perifem.com
PETCAMP,petcamp.com
PETIT POUCE FACTORY,petitpoucefactory.com
PGI,pgi.com
PHARMABEST,pharmabest.com
PHARMACIE DE LA LOIRE,pharmaciedelaloire.fr
PHARMACOM,pharmacom.com
PHARMACTIV,pharmactiv.com
PHAROS NAUTIC,pharosnautic.com
PHENIX GROUPE,phenixgroupe.fr
PHILIP MORRIS FRANCE SAS,philipmorris.fr
PHOSPHOTECH,phosphotech.com
PHYTOSANA,phytosana.com
PICARD SURGELÈS,picardsurgeles.fr
PIGISTE,pigiste.fr
PLANET,planet.com
PLANET ART,planetart.com
PLANETE AIR,planeteair.fr
PLANT BUN,plantbun.com
PLASSARD,plassard.com
POLSKIN,polskin.com
POMARFIN OY,pomarfin.fi
POMONA,pomona.edu
POMPONNE,pomponne.fr
PONPON,ponpon.com
POP FRANCE (OBJETRAMA),objetrama.fr
PRESTA,presta.com
PRESTAROCKET,prestarocket.com
PRIMAPRIX,primaprix.fr
PRO BUROTIC,proburotic.fr
PRODUCT IMPULSE BV,productimpulse.com
PROMECA,promeca.com
PROMO THALASSO,promo-thalasso.fr
PROSOL,prosol.com
PROVALLIANCE,provalliance.com
PSN,playstation.com
QUICK,quick.com
RAGGED,ragged.com
RAVATE,ravate.com
REAL BRANDS,realbrands.com
RECITAL,recital.com
REIKO,reiko.com
REPAIR AND RUN,repairandrun.com
REPEAT,repeat.com
RESERVOIR WATCH,reservoirwatch.com
RESOTAINER,resotainer.com
Manager DIGITAL,managerdigital.com
RETIS,retis.com
REUNION TELECOM,reunion-telecom.com
ROBBEN,robben.com
ROBOTIME NEDERLAND,robotimenetherlands.com
ROLESCO,rolesco.com
ROOFY,roofy.com
ROYAL FLEUROP INTERFLORA NETHERLANDS,interflora.nl
RP SOLUTIONS,rpsolutions.com
RX FRANCE,rx-france.com
S&B,s-and-b.com
SAGAM,sagam.com
SARL AU PLAISIR D'OFFRIR,plaisirdoffrir.fr
SARL EGCN,egcn.fr
SAS ED,sased.com
SATIN,satin.com
SAVOIRSPLUS,savoirsplus.fr
SAYGA,sayga.com
SCHWARZ DIGITS KG (INCLUDES KAUFLAND E-COMMERCE & LIDL,schwarz-digits.de
SDME,sdme.com
SECCOM SARL,seccom.fr
SEDIS-PROXI,sedis-proxi.com
SFEERMEESTERS,sfeermeesters.nl
SHESHOP IN,sheshop.in
SHOWROOM MAISON PARISIENNE,maison-parisienne.fr
SHOWROOM MEDIA ( EX 3W.RELEVANC),showroommedia.com
SKY CO,skyco.com
SMART IMPACT,smart-impact.com
SMART PROSPECTIVE,smartprospective.com
SMART RX,smartrx.com
SMILE PICKUP,smilepickup.com
SODIFRAM,sodifram.com
SODIWIN,sodiwin.com
SOFIA,sofia.org
SOFIPACK,sofipack.com
SOK,sok.com
SOLEDIS,soledis.com
SOMMET REALTORS,sommetrealtors.com
SONOVENTE,sonovente.com
SOPHONY,sophony.com
SPECTRE INDUSTRIE,spectre-industrie.com
SPORTS LOISIRS,sportsloisirs.fr
SPRING,spring.com
SPRING INVEST,springinvest.com
STADIUM,stadium.com
STELLAR,stellar.org
STIME,stime.com
STRATEIA,strateia.com
STYLINGO,stylingo.com
SUPECO,supeco.com
SUSHI EXPRESS GROUP PTE LTD,sushiexpress.com
SYNALIA,synalia.com
TACTEO,tacteo.com
TAFANEL,tafanel.com
TAMPON CHRONO,tamponchrono.fr
TAVRIA V,tavriav.com
TC GROUP SOLUTIONS,tcgroupsolutions.com
TDI,tdi.com
TECH WORK STUDIO LLC,techworkstudio.com
TECH WORK STUDIO LLC.,techworkstudio.com
TECHLINKER,techlinker.com
TECHNI-CONTACT,techni-contact.com
TECTEX,tectex.com
TEKSHELF,tekshelf.com
TELETIC,teletic.com
TERACT,teract.com
TERRACULTURE,terraculture.com
TERRAM PARTNERS,terrampartners.com
TEVIA,tevia.com
TEXIDO,texido.com
THE FIELD,thefield.com
THE OUTDOOR COMPANY,theoutdoorcompany.com
THOM,thom.com
TIME 2 MARKET,time2market.com
TIMTECH,timtech.com
TJX EUROPE,tjxeurope.com
TOTAL MS,totalms.com
TOTAL TECHNOLOGIES,totaltechnologies.com
TOUPARGEL SAS,toupargel.fr
TOURFINANCE,tourfinance.com
"TOYS\R\""US""""""",toysrus.com
TRANS AIR,transair.com
TRB INTERNATIONAL,trb-international.com
TRIANGELN,triangeln.se
TRICOBEL SA,tricobel.com
TRUFFAUT,truffaut.fr
TWO CHICKS,twochicks.com
UKOO,ukoo.com
UNION GÉNÉRALE DE DISTRIBUTION,ugd.fr
UPTIFY,uptify.com
URBAN SUBLIME,urbansublime.com
UZERLY,uzerly.com
VAZIVA,vaziva.com
VERHOEVEN,verhoeven.com
VERSO,verso.com
VERSUS VENTURE,versusventure.com
V-FACTORY,v-factory.com
VGA INTERNATIONAL,vgainternational.com
VILLARD,villard.com
VIOLETTE SAUVAGE,violettesauvage.com
VISANTA,visanta.com
VISANTA SL,visanta.com
VISIONDECO,visiondeco.com
VIVASON,vivason.com
VNE,vne.com
VOYAGES E LECLERC,voyagesleclerc.fr
WATCHDREAMER,watchdreamer.com
WE ARE JOLIES,wearejolie.com
WEBLOYALTY FRANCE,webloyalty.fr
WELCOMING,welcoming.com
WELDOM SA,weldom.fr
WELLA FRANCE,wella.fr
WIDILO,widilo.com
WINEBNB,winebnb.com
WLC TRADING LTD,wlctrading.com
WODANDGO,wodandgo.com
WONDER BOX,wonderbox.com
WONKE,wonke.com
WOODLANDS MARKETS,woodlandsmarkets.com
WSN,wsn.com
WSND,wsnd.com
WTB GROUP,wtbgroup.com
WUMART,wumart.com
YATEO,yateo.com
YBY BEAUTY,ybybeauty.com
YOGACLASS,yogaclass.com
YOOMY FOOD GROUP,yoomyfoodgroup.com
YPSONS,ypsons.com
ZAION,zaion.com
ZENPUR,zenpur.com
ZEROSIX,zerosix.com
ZETRACE,zetrace.com
ZLETRIC,zletric.com
ZOOMICI,zoomici.com
ACCESSA GROUP,UNVERIFIED:accessa-group.com
ADEO LEROY MERLIN,UNVERIFIED:leroymerlinfr.com
AESTHETIC SINGULIER,UNVERIFIED:aestheticsingulier.com
AGATHA,agatha.fr
AGATHA PARIS,agatha.fr
AHOLD DELHAIZE - MEGA IMAGE ROMANIA,megaimage.ro.fr
ALLIANCE DU COMMERCE,UNVERIFIED:alliance-du-commerce.fr
ANGLING DIRECT PLC,UNVERIFIED:anglelingdirect.co.uk
ARDO FOODS NV,UNVERIFIED:ardo-foods.com
ARGEDIS-TOTALENERGIES,UNVERIFIED:argedis-totalenergies.com
ARMAND THIERY S.A.S,UNVERIFIED:armandhiery.com
BAGAGES DU MONDE,inconnue.com
BERGÈRE DE FRANCE,UNVERIFIED:bergerefrance.com
BNP PARIBAS PERSONAL FINANCE,bnpparibaspersonalfinance.de
BONGÉNIE,UNVERIFIED:bongeinie.com
BOULANGERIES MARIE BLACHÈRE,UNVERIFIED:boulangeries-marie-blachère.com
BRED BANQUE POPULAIRE,UNVERIFIED:bred-banque-populaire.com
BRICO IO SPA,brico-io.com
BRICOMAN,bricoman.fr
BUFFALO GRILL,UNVERIFIED:buffalogrillcom
CAISS'MAG SYSTÈMES,UNVERIFIED:caissmag-systemes.com
CARHARTT WIP FRANCE,carhartt-wip.com
CHOCOLAT DES PRINCES,UNVERIFIED:chocolatdesprinees.com
COP ÉNERGIE,UNVERIFIED:cop-energie.com
CREDIT AGRICOLE PAYMENT SERVICES,UNVERIFIED:ca-paymentservices.com
CYRILLUS VERTBAUDET,UNVERIFIED:cyrillus-vertbaudet.com
DE FENYI CONSEIL,UNVERIFIED:defenyi-conseil.com
DE NEUVILLE,UNVERIFIED:de-neuville.com
DECATHLON TARMAK,tarmak.decathlon.org
DECOCLICO,decoclico.fr
DEL ARTE,UNVERIFIED:delartecompany.com
DÉMARCHES CHRONO,UNVERIFIED:demarches-chrono.com
DEUTSCHE POST GLOBAL MAIL,UNVERIFIED:deutschepostglobalmail.com
DOUGLAS GMBH,UNVERIFIED:douglas-gmbh.com
DR.MAX,drmax.fr
DSC (SAINT-GOBAIN DISTRIBUTION BÂTIMENT FRANCE),dsc.com
DSM AVOCATS À LA COUR,UNVERIFIED:dsm-avocats.com
DU BRUIT DANS LA CUISINE,UNVERIFIED:dubruit-dans-la-cuisine.com
E. LECLERC BLOIS,UNVERIFIED:leclerc-blois.com
ECOLIVE FRANCE,UNVERIFIED:ecolivefrance.com
ECOMMERCE EUROPE,UNVERIFIED:ecommerceeurope.eu
EDEN BEING,UNVERIFIED:edenbeingcom
EDITA,edita.fr
EHI RETAIL INSTITUTE,UNVERIFIED:ehi-retail-institute.de
EMMA - THE SLEEP COMPANY,UNVERIFIED:emma-the-sleep-company.com
EMMA SLEEP,UNVERIFIED:emmalogsleep.com
ÉMOI ÉMOI,UNVERIFIED:emoimoi.com
ENDLESS GOODS,endlessgoods.de
ESTEBAN PARIS PARFUMS,UNVERIFIED:estebanparisparfums.com
EURONICS INTERNATIONAL,UNVERIFIED:euronics-international.com
EVOLUTIVE GROUP,evolutivegroup.fr
EXPERIENCED CAPITAL,unknwon.com
FÄRM - EKOPLAZA,UNVERIFIED:farm-ekoplaza.nl
FNACK DARTY,UNVERIFIED:fnackanddarty.com
FRANPRIX - LEADER PRICE GROUPE CASINO,UNVERIFIED:franprix-leaderprice.com
FUJITSU FRONTEC,UNVERIFIED:fujitsu-frontec.com
GAMM VERT,gammvert.fr
GIESECKE & DEVRIENT,UNVERIFIED:giesecke-devrient.com
GLOBUS MARKTHALLEN HOLDING GMBH & CO.KG,UNVERIFIED:globus-markthallen.de
GLORIA JEANS,UNVERIFIED:gloriajeanssite.com
GRANT & FIORI,UNVERIFIED:grantandfiori.com
GROUPE FERRON,UNVERIFIED:groupe-ferron.com
GROUPE GO SPORT,UNVERIFIED:groupegesport.com
GROUPE IGS,groupe-igs.fr
GUINOT - MARY COHR,guinot-marycohr.de
"HANKYU HANSHIN DEPARTMENT STORES, INC.",hankyuhanshin.co.jp.de
IKKS RETAIL,UNVERIFIED:ikksretail.com
INNOVE DESIGN,innovedesi.gn.fr
INSTITUT FRANÇAIS DE LA MODE,ifmode.com
INTERMARCHE & NETTO,UNVERIFIED:intermarche-netto.com
IUT EVREUX,UNVERIFIED:iut-evreux.fr
JOHN LIBBEY EUROTEXT,john-libbey-eurotext.fr
JURATOYS,juratoys.es
KIKO MILANO SPA,UNVERIFIED:kikomilanospachrome.com
LA BELLE BOUCLE,UNVERIFIED:labelbelle.com
LA BELLE-ILOISE,labelle-iloise.nl
LA MAISON CONVERTIBLE,UNVERIFIED:lamaison-convertible.com
LA PLATEFORME DU BATIMENT,UNVERIFIED:laplateforme-du-batiment.com
LA TRINITAINE,UNVERIFIED:la-trinitaine.com
LAALI.FR,laali.com
LAGARDERE TRAVEL RETAIL,UNVERIFIED:lagardere-travel-retail.com
LE COMPTOIR D'EMILE,UNVERIFIED:comptoire-demile.com
LE PETIT VAPOTEUR,UNVERIFIED:lepetit-vapoteur.com
LE PETIT VAPOTEUR STORE,UNVERIFIED:lepetitvapoteau.com
LEBOND.SHOP,lebond.shop.com
LEENA PARIS,UNVERIFIED:leenaparis.com
LEROY MERLIN,leroy-merlin.fr
LES ESSENTIELS D'ISABELLE,UNVERIFIED:lesessentielsisabelle.com
LES MOUSQUETAIRES,UNVERIFIED:lemousquetaires.com
LES PÉPINIÈRES BELLET,UNVERIFIED:pepinieres-bellet.com
MAISON DE LA LITERIE,UNVERIFIED:maisondeliterie.com
MASSIMO ALBA,UNVERIFIED:massimalba.com
MATELAS NO STRESS,UNVERIFIED:matelas-no-stress.com
MF MINI FOCUS,UNVERIFIED:mfminifocus.com
MGT CONSEIL,UNVERIFIED:mgtconseil.com
MITSUBISHI PENCIL,uni.mitsubishipentel.co.jp.de
MODEX CONSEIL,UNVERIFIED:modexconseil.com
MUSGRAVE RETAIL PARTNERS IRELAND,musgraveretailpartners.ie.nl
MY JOLIE CANDLE,UNVERIFIED:myjolientcandle.com
NATEXO,natexo.fr
NATURA EUROPA,UNVERIFIED:natura-europa.com
NATURALIA,naturalia.fr
NATURE & DECOUVERTES,nature-et-decouvertes.fr
NATURE & DÉCOUVERTES,nature-et-decouvertes.fr
NATURE ET DECOUVERTES SA,nature-et-decouvertes.fr
NATURES & DÉCOUVERTES,UNVERIFIED:naturesdecouverts.com
NUOO,nuoo.fr
PANASONIC CONNECT EUROPE,UNVERIFIED:panasonic-connect-europe.com
PATHÉ SUISSE S.A.,UNVERIFIED:pathesuisse.ch
PAX TECHNOLOGY,UNVERIFIED:pax-technology.com
PERNOD RICARD GLOBAL TRAVEL RETAIL,UNVERIFIED:pernodricardglobaltravel.com
PMU,pmu.fr
PREZZEMOLO & VITALE,UNVERIFIED:prezzemoloevidale.it
PRINTEMPS HAUSSMANN,UNVERIFIED:printemps-haussmann.com
PUISSANCE D’AGIR,UNVERIFIED:puissance-dagir.com
RADIS ET CAPUCINE,UNVERIFIED:radiscapucine.com
REAL MADRID STORE-DUBAI,UNVERIFIED:realmadridstore-dubai.com
REPEAT GLOBAL,UNVERIFIED:repeatglobal.com
RÉSEAU CLUB BOUYGUES TELECOM,UNVERIFIED:reseau-club.bouyguestelecom.fr
RETAIL EXCELLENCE IRELAND,retailexcellenceireland.ie.nl
RIKA FRANCE,rikafrance.fr
ROSE IN APRIL,UNVERIFIED:rose-in-april.com
SAVOUREZ BIO!,UNVERIFIED:savourez-bio.com
SIMONE PERELE,UNVERIFIED:simonepere.com
SISA SICILIA,UNVERIFIED:sisasicilia.it
SØSTRENE GRENE,UNVERIFIED:sostrenegene.com
STADE ROCHELAIS,UNVERIFIED:stade-rochelais.com
TARTINE ET CHOCOLAT,UNVERIFIED:tartinetchocolat.com
UGC CINÉ CITÉ,ugc-cinecite.it
UN AIR D'ICI,UNVERIFIED:unairdicier.com
938994217,unknown.com
@GROEP ALAIN BROEKAERT,unknown.com
,unknown.com
3MECO,3meco.fr
AB GOODS,abgoods.com
ABD MARKET,abd.com
ABRICÉA NATURE SAS,abricea.com
ACE PRINT,aceprint.com
ACTICHAT,actichat.com
ADAMIS,adamis.fr
ADOVA GROUP,adova.de
ADVITAM,advitam.fr
AG GLOBAL TRADE,agtrade.com
ÂGE D'OR SERVICES,agedorservices.com
AGIMISIO CONSULTING,UNVERIFIED:unknown
AGOOFY,agoofy.com
AIDA SHOP,aidashop.com
AIME SKINCARE,aimeskincare.com
AJC GALLERIES,UNVERIFIED:unknown
AK CONSULTING,akconsulting.com
"ALBERT ČESKÁ REPUBLIKA, S.R.O.",unknown.com
ALFA E OMEGA MERCADO,UNVERIFIED:unknown
ALKOR,alkor.fr
ALL TRICKS,alltricks.com
ALLEE DU COMMERCE,alleeducommerce.com
ALLIANCE AUTOMOTIVE FRANCE,allianceautomotive.com
ALLIANCE AUTOMOTIVE GROUP FRANCE,UNVERIFIED:unknown
ALPHABETA,alphabeta.com
ALTERMOVE,altermove.fr
AMAC BV,amac.com
AMC TÊXTIL,amctextil.com
AMCO-BULGARIA LTD,UNVERIFIED:unknown
AMEDEE BARBOTTEAU & CIE,UNVERIFIED:unknown
ANAIK GROUP,anaik.com
ANAPODIA,anapodia.com
ANDEWE,andewe.com
ANM IT LES MOUSQUETAIRES,UNVERIFIED:unknown
"ANT CAPITAL PARTNERS CO., LTD.",antcapitalpartners.com
ANYW3AR,anyw3ar.com
APOLOGY,apology.com
APPLE EUROPE,appleeurope.com
ARBA-HOME,arba-home.fr
ARK BOKHANDEL,UNVERIFIED:unknown
ARMONY,armony.fr
ARPILABE,arpilabe.com
AS GRUPPE,asgruppe.com
ASTEN RETAIL,astenretail.com
AT3V CONSULTING,UNVERIFIED:unknown
ATTICA DEPARTMENT STORES,UNVERIFIED:unknown
AUCHAN RETAIL SERVICE,UNVERIFIED:unknown
AUDE BRIAT CONSULTING,UNVERIFIED:unknown
AUDIOPTIC TRADE SERVICE,audioptic.com
AUPAL,aupal.com
AURISEO,UNVERIFIED:unknown
AVEM,avem.fr
AVOLTA | AUTOGRILL,avolta.com
AXIANS CLOUD SERVICE PROVIDER,axians.com
AXIANS COMMUNICATION & SYSTEMS LYON,axians.com
AZ SHOP DZ,azshop.com
AZOZ GROUP CAIRO,unknown.com
AΒ VASSILOPOULOS SINGLE MEMBER S.A.,UNVERIFIED:unknown
B&A CONSEIL,baconseil.fr
B&C INTERNATIONAL,unknown.com
BABYCHOU SERVICES,babychou.com
BACACIER DIGITAL YOUSTEEL,UNVERIFIED:unknown
BAEGUIN,baeguin.com
BALADI FOODSTUFF TRADING LLC,UNVERIFIED:unknown
"BALDI, LDA.",baldi.com
BANQUE EDEL - COMMUNICATION,UNVERIFIED:unknown
BANQUE POPULAIRE BOURGOGNE FRANCHE COMTÉ,banquepopulaire.com
BAYEN MAREE,UNVERIFIED:unknown
BD MULTIMEDIA GROUP,UNVERIFIED:unknown
BEAUTIFY DZ SHOP,beautifydz.com
BEEBS,beebs.com
BENDY JEWELRY,UNVERIFIED:unknown
BEOWERS,UNVERIFIED:unknown
BERDUGO,berdugo.com
BERTRAND FRNACHISE,UNVERIFIED:unknown
B'EST LOISIRS,UNVERIFIED:unknown
BEYOND EVENT,beyondevent.com
BEYOND MATRIX ALPHA,beyondmatrixalpha.com
BIG LEAP PRODUCTIONS SA,bigleapproductions.com
BIG MOUSTACHE,bigmoustache.com
BISA SAS,bisa.com
BIZEIBKE,UNVERIFIED:unknown
BLAL BADRE,unknown.com
BLEU ET ASSOCIÉS,bleuetassocies.com
BLOOMSQUARE STUDIO,UNVERIFIED:unknown
BLU KIRIE,UNVERIFIED:unknown
BMKA - ESPRIT BARBECUE,unknown.com
BNPP PF,bnpp.com
BNPPP,bnppp.com
BOGART BEAUTY RETAIL,UNVERIFIED:unknown
"BOHMIANS, FRANCE",UNVERIFIED:unknown
BOMBERS ORIGINAL,UNVERIFIED:unknown
BONNET NEVE,UNVERIFIED:unknown
BONS BAISERS DE PANAME,bonsbaisersdepaname.com
BOUTS DE FICELLE,UNVERIFIED:unknown
BP RETAIL,bpretail.de
BRICO IO S.P.A,bricoio.com
BRICOPAC,bricopac.com
BRICOPAC TRADE SERVICES,bricopac.com
BRUNSCHWIG & CIE S.A,brunschwig.com
BRUNSCHWIG & CIE SA,brunschwig.com
BSL DIMOTRANS,UNVERIFIED:unknown
BUROPAC NOUMEA,UNVERIFIED:unknown
BUROPAC NOUMÉA,UNVERIFIED:unknown
BUT INTERNATIONAL,UNVERIFIED:unknown
CAFAN,cafan.com
CAISS'MAG SYSTEMES,UNVERIFIED:unknown
CANPLEX PROFILES,canplex.com
CAPEL SIZE FACTORY,unknown.com
CAPENCY,capency.com
CARCAFRANCIA,UNVERIFIED:unknown
CARDEV CARRELAGE ET BAIN,UNVERIFIED:unknown
CARE BRAND MANAGEMENT,carebrand.de
CARENE ASSURANCES,UNVERIFIED:unknown
CAROL BURO,carolburo.com
CARREFOUR DSI FRANCE,carrefour.com
CARREFOUR MARCHANDISES INTERNATIONALES,unknown.com
CARREFPIR,UNVERIFIED:unknown
CARTES BANCAIRES CB / CRÉDIT AGRIOCLE,UNVERIFIED:unknown
CARTIER CREATION STUDIO,UNVERIFIED:unknown
"CASA UNLIMITED ENTERPRISES, INC",casaunlimited.com
CBM LAJEADO,UNVERIFIED:unknown
CCHM KOENE HOLDING BV,UNVERIFIED:unknown
CCI MARTINIQUE,UNVERIFIED:unknown
CCL,ccl.com
CENTRAL DO VAREJO,UNVERIFIED:unknown
CENTURY 21 ART IMMO,UNVERIFIED:unknown
CERCLE DES VOYAGES,UNVERIFIED:unknown
CFAO SODIAPA,UNVERIFIED:unknown
CGP COATING INNOVATION,UNVERIFIED:unknown
CHAIS D'ŒUVRE,chaisdoeuvre.com
CHAMBRE DE COMMERCE DE PARIS ( EX: SFA),UNVERIFIED:unknown
CHANNEL ISLANDS COOP,UNVERIFIED:unknown
CHARVET DIGITAL MEDIA,UNVERIFIED:unknown
CHECKLENS GMBH,checklens.com
CHIC CHIC RESTAURANT,unknown.com
CIA CONAD,unknown.com
CIRCLE K TREASURY OPERATIONS EUROPE AS,unknown.com
CITE MARINE,UNVERIFIED:unknown
CITY DISTRIBUTION,citydistribution.com
CJ RETAILS SOLUTIONS GLOBAL LTD,UNVERIFIED:unknown
CLEMSYS,clemsys.com
CLETUDE,cletude.com
CLUB I3A,UNVERIFIED:unknown
CMXP,cmxp.com
COBRA / HL CONSULTING,UNVERIFIED:unknown
CODIDIS,UNVERIFIED:unknown
CODYSSEE,codyssee.com
COLORFUL BLACK / PSDV,colorfulblack.com
COMERCIAL CITY FRESKO,UNVERIFIED:unknown
COMPTOIR NATIONAL DE L'OR,UNVERIFIED:unknown
COMPTOIR TEXTILE HOTELIER,UNVERIFIED:unknown
CONECS,conecs.fr
CONSO SOCIAL,UNVERIFIED:unknown
CONSORÉGIE LECLERC,UNVERIFIED:unknown
CONTINUUM PLUS SANTÉ,UNVERIFIED:unknown
COPY-TOP,copytop.com
CORA INFORMATIQUE,UNVERIFIED:unknown
CORA SUPERMARKET,UNVERIFIED:unknown
CORFORT SARL,corfort.com
CORHOFI,corhofi.com
COUV'EMPLOI,UNVERIFIED:unknown
CRAI SARDEGNA,craisardegna.com
CRAI SECOM,UNVERIFIED:unknown
CREDIT INDUSTRIEL ET Sales,UNVERIFIED:unknown
CUISINES AVIVA,UNVERIFIED:unknown
CULTURA BELGIQUE,UNVERIFIED:unknown
CULTURA BELGIUM,cultura.com
CULTURE INDOOR,cultureindoor.com
DAFY,dafy.fr
DALBEN GROUP,dalben.com
DALEPHARMA,dalepharma.fr
DAMART DSB,damart.com
"DBI GROUP (DIM, LOVABLE, PLAYTEX)",unknown.com
DE BEJARRY INTERNATIONAL,debejarry.com
DECATHLON UNIVERSITY,UNVERIFIED:unknown
DENA DELA,UNVERIFIED:unknown
DENGO EUROPE,dengo.com
DEVINLEC,UNVERIFIED:unknown
D'ICI SCRL,dici.com
DIM FRANCE SAS,UNVERIFIED:unknown
DIRECT SIGNALÉTIQUE,UNVERIFIED:unknown
DIRECTION GENERALE DES ENTREPRISES DGE,UNVERIFIED:unknown
DISEÑO Y FANTASIA SL,diseno.com
DISTREE DURVAL,UNVERIFIED:unknown
DIY (LM),UNVERIFIED:unknown
DIY MAXEDA,diymaxeda.com
DOMMARKET,dommarket.com
DONGHENG TEXTILE,UNVERIFIED:unknown
DOUGLAS ADOM ENTERPRISE,UNVERIFIED:unknown
DR. MAX GROUP,unknown.com
DREAM ACT,unknown.com
DREXCO MEDICAL,drexco.com
DSI AUCHAN CORPORATE,UNVERIFIED:unknown
DSI-CARREFOUR,UNVERIFIED:unknown
DSTOCK47,unknown.com
DUWASH,duwash.com
E.LECLERC FREYMING,leclerc.com
E.LECLERC GAITÉ-MONTPARNASSE,leclerc.com
E.LECLERC MONTGERON,eleclerc.com
E.X.M. EURO ET EXPERTISE MONETIQUE,UNVERIFIED:unknown
ECOPLAZA,ecoplaza.com
EDGARD DEVELOPPEMENT,UNVERIFIED:unknown
EDITIONS DE LA RHF,UNVERIFIED:unknown
EHYAKIM,UNVERIFIED:unknown
EI ADELINE RAGUIN,unknown.com
EIDIKO SHOWROOM,eidikoshowroom.com
EK FRANCE,ekfrance.fr
EL -ASSILE LAITERIE,elassile.com
ELECTRONIQUE +,electronique.com
ELIXIS,elixis.com
EMEIS,emeis.com
EMPORIO ALEX,UNVERIFIED:unknown
EMPÓRIO ALEX,emporio.alex.de
EN CREATION,encreation.com
EN RECHERCHE,UNVERIFIED:unknown
EPHIGÉA GRAIN DE MALICE,UNVERIFIED:unknown
EPI COMPANY I WERO,unknown.com
EPITECH AND CO,UNVERIFIED:unknown
EPTIMUM,UNVERIFIED:unknown
ERIC DELAVAL,unknown.com
ESPINOSA,espinosa.fr
EURL COSME'CHIC,cosmechic.com
EURL JECO DISTRIBUTION,jeco.com
EURO SUPERMERCADOS,eurosupermercados.com
EUROP-ARM,UNVERIFIED:unknown
EX BOUCHARA,bouchara.com
EXOCOMS GROUP,UNVERIFIED:unknown
EXPERT RETAIL C,UNVERIFIED:unknown
FAMASSER,UNVERIFIED:unknown
FATHALLA MARKET,fathallamarket.com
FATHER & SONS,unknown.com
FATHER AND SONS,unknown.com
FATOUMET,UNVERIFIED:unknown
FAVOURABLE. AMAKA ENTERPRISES,UNVERIFIED:unknown
FCI DIFFUSION,fcidiffusion.fr
FDISTRIBUTION,fdistribution.com
FDJ UNITED,fdj.com
FERRARI EXPEDITIONS SAS,UNVERIFIED:unknown
FICHET SECURITY SOLUTION,fichetsecurity.com
FIDEO APP,fideo.com
FINDEEZ,findeez.com
FINZR,finzr.com
FLORENT ROBIN,florentrobin.com
FOIE GRAS GOURMET,foiegras.com
FORPERSPECTIVES,forperspectives.com
FRANCAP DISTRIBUTION,francap.com
FRANPRIX LEADER PRICE-DIRECTION SUPPOR,unknown.com
FREE-DISTRIBUTION,UNVERIFIED:unknown
FRENCH GÉNÉTIQUE,UNVERIFIED:unknown
FROM FUTURE GAMING,unknown.com
GABRIEL PASTRY ART,UNVERIFIED:unknown
GAIAO,gaiao.com
GALEC,galec.com
GALERIES LAFAYETTE MANAGEMETN,unknown.com
GALLAS IMPORT EXPORT,UNVERIFIED:unknown
GBEF,unknown.com
GEB SAS,UNVERIFIED:unknown
GEDIMAT/EVIDEN,gedimat.com
GEDVILLO SERVICES SIA,gedvillo.com
GEEK FACTORY,geekfactory.de
GENERAL LYY,generally.com
GIE UNIFRAIS,unifrais.com
GIGAGI,gigagi.com
GIPEFI,unknown.com
GO MY PARTNER,unknown.com
GOOD LINK,unknown.com
GPE,unknown.com
GPE SERGENT MAJOR,sergentmajor.com
GRACARE,gracare.com
GRACIUS DESIGN,UNVERIFIED:unknown
GRAIN DE MOUTARDE,graindemoutarde.com
GROUPE ALKOR,alkor.fr
GROUPE BERTRAND,groupebertrand.fr
GROUPE CAC,groupecac.eu
GROUPE CHABRIERES QUIES,groupechabrieres.com
GROUPE GOURMAND,UNVERIFIED:unknown
GROUPE HÉRON,groupeheron.com
GROUPE IGS FC,groupeigs.com
GROUPE MAXIAM,maxiam.com
GROUPE MONDIAL TISSUS,groupemondial.com
GROUPE VIA CALAIS,UNVERIFIED:unknown
GROUPEMENT LES MOUSQUETAIRES - ANM,UNVERIFIED:unknown
GROUPEMENT MOUSQUETAIRES - STIME,UNVERIFIED:unknown
GRUPO EMPRESARIAL EL JAMÓN,UNVERIFIED:unknown
"GUANGZHOU FUNK PLAY TECHNOLOGY CO., LTD.",UNVERIFIED:unknown
GUEYE ET FRERES,gueye.com
GUFFROY CONSULTING,UNVERIFIED:unknown
GUSTAV RAMELOW KG,UNVERIFIED:unknown
GUZELYHOME,guzelyhome.com
H MARKET,hmarket.com
HAMELIN SAS,hamelin.com
HAMLA,hamla.com
HANDEL CONSEIL,UNVERIFIED:unknown
HAPPYCOLIS,happycolis.com
HARIBO RICQLES ZAN,haribo.com
HARTMANN TRESORE FRANCE,hartmanntresore.com
HEALTHY GROUP,healthygroup.com
HELSSY HAIR,helssy.com
HEPPNI BAKERI,heppnibakeri.com
HERMIONE RETAIL,hermione.com
HEVERETT,heverett.com
HIGHCO SHOPPER PARIS,UNVERIFIED:unknown
HIND KROUSSA PARIS,unknown.com
HINDBAG,hindbag.com
HOLOVISIO,holovisio.com
HORIZANE SANTÉ,horizanesante.com
HORYON,horyon.com
HUAQIN TELECOM HONGKONG LIMITED,UNVERIFIED:unknown
HUNAN KOUSHUIWA FOOD,UNVERIFIED:unknown
HYDRATIS,hydratis.com
HYGÉE,hygee.com
IAGONA,iagona.com
IBELIV,ibeliv.fr
IDCGO,idcgo.com
IKEA TOULON,UNVERIFIED:unknown
ILICUT,ilicut.com
IMPACT ENR,UNVERIFIED:unknown
IN S MERCATO,insmercato.it
INFOPERFIL COMERCIO E SERVIÇO DE INFORMATICA EIRELI,UNVERIFIED:unknown
INMAC WSTORE,unknown.com
INTERFAS,interfas.com
INTERMARCHÉ STIME,intermarche.com
ISLEDEN,isleden.com
ITM Purchasing NON MARCHANDS,UNVERIFIED:unknown
ITM Purchasing NON MARCHANDS - GROUPEMENT DES,unknown.com
ITM Purchasing NON MARCHANDS - LES MOUSQUETAIRES,lesmousquetaires.com
ITM ANM,UNVERIFIED:unknown
ITM EANM,unknown.com
ITMAI GROUPEMENT DES MOUSQUETAIRES,unknown.com
IZISIGHT,izisight.com
J. BUENTING BETEILIGUNGS AG,buenting.com
JBBZ,unknown.com
JBRISSON,jbrisson.fr
JCB INTERNATIONAL (EUROPE) LTD.,jcb.com
JDC LANGUEDOC ROUSSILLON,UNVERIFIED:unknown
JEAN-PHILIPPE HENAFF CONSEIL,UNVERIFIED:unknown
JEN'S MOBILES ACCESSORIES,UNVERIFIED:unknown
JERSEY LUXE,UNVERIFIED:unknown
JEUNE HOMME,jeunehomme.com
JINGDONG DEVELOPMENT FRANCE,jingdong.com
JMP-EXPANSION,jmp-expansion.com
JOMAL ET FILS,UNVERIFIED:unknown
JRE VENTURES,jreventures.com
JULIANADURO BEAUTY SALON,UNVERIFIED:unknown
KABAUN,kabaun.com
KAIDE,kaide.de
KAIZEN MUTEKI / ENOVA / JJA,UNVERIFIED:unknown
K-CITYMARKET TURKU SKANSSI,kcitymarket.com
KENZZI JEWELS,kenzzi.com
KEOLLIA,UNVERIFIED:unknown
KINGFISHER RETAIL MEDIA,UNVERIFIED:unknown
KKEC,kkec.com
KONNIEVENCE MODE,UNVERIFIED:unknown
KROSFOU,krosfou.com
KWEICHOW MOUTAI PARIS TRADING,UNVERIFIED:unknown
L ATELIER PAPILLES,unknown.com
L ENTREPOT DU BRICOLAGE,unknown.com
L 'OURSON BLANC,unknown.com
L SAHA,lsaha.co.uk
LA BOTTE GARDIANR,UNVERIFIED:unknown
LA CIE BIO ET NATURE,unknown.com
LA CORRESPONDANCE DE LA PUBLICITÉ,inconnu.com
LA HAUTE SOCIÉTÉ,lahautesociete.com
LA MOBILERY,lamobilery.com
LA PARQUETERIE NOUVELLE,unknown.com
LA POSTE BGPN,laposte.com
LABEL CHAUSSETTE,UNVERIFIED:unknown
LABOMAI,labomai.com
LAGARDERE TRAVEL RETAIL FRANCE,UNVERIFIED:unknown
LAGARDERE TRAVEL RETAIL SAS,lagardere.com
LALYLOOK,lalylook.com
LANCK TELECOM,lanck.com
LANDI,landi.fr
LANE B SAS,unknown.com
L'ATELIER LETTERPRESS,atelierletter.com
LATEST PRODUCTS,unknown.com
L'AVANT GARDISTE,lavantgardiste.com
LD CAISSES SYSTEMES,UNVERIFIED:unknown
LE CERCLE D'ASSAS(POUIC POUIC),UNVERIFIED:unknown
LE COMPTOIR DE L'HOTELLERIE,lecomptoir.com
LE COURS DES HALLES,UNVERIFIED:unknown
LE GROUPE CHANTELLE LA CONCIERGERIE,UNVERIFIED:unknown
LE KIOSQUE SANTÉ,UNVERIFIED:unknown
LEAD-VALUE,lead-value.fr
L'ECHO TOURISTIQUE,lechotouristique.com
LECLERC - INFOMIL,UNVERIFIED:unknown
LECLERC ILE DE LA RÉUNION,UNVERIFIED:unknown
LEDO SUPERMARKT,UNVERIFIED:unknown
LES ENTREPRÊTEURS,UNVERIFIED:unknown
LES IMPRIMEUSES,lesimprimeuses.com
LES SUPÉRETTES API,UNVERIFIED:unknown
LES Z'ARSOUILLES,leszarsouilles.com
LEUCAT,UNVERIFIED:unknown
LGFG FASHION HOUSE,lgfg.com
L'HABELHABITATION,UNVERIFIED:unknown
LIBRAIRIE CLC,unknown.com
LIEWOG,UNVERIFIED:unknown
LINGERIE SOS,lingeriesos.com
LJ MARKET PRO,UNVERIFIED:unknown
LLC ATB-MARKET,UNVERIFIED:unknown
LLP DIGITECH SOLUTION,UNVERIFIED:unknown
LOGISTA RETAIL,logista.com
LOGIT SOLUTIONS,UNVERIFIED:unknown
LOREM IPSUM SARL,unknown.com
LOUVRES HOTEL,UNVERIFIED:unknown
LOVELY PLANET,lovelyplanet.com
LP3B SAS,unknown.com
LT DISTRIBUTION EUROPE,ltdistribution.com
LUCKY LAD,luckylad.com
LUXEMBOURG CONFEDERATION,unknown.com
LY CORPORATION,unknown.com
M G F SPORTS,UNVERIFIED:unknown
M POUR TOUJOURS,pourtoujours.com
M3J DISTRIBUIDORA,m3j.com
MA BOX ET MOI,UNVERIFIED:unknown
MA PETITE BOUTIQUE,mapetiteboutique.com
MAAS,maas.com
MACATIA,macatia.com
MADAME,madame.fr
MADY & CHARLES,UNVERIFIED:unknown
MAEDEH DAIRY,maedeh.com
MAESTROOO,maestrooo.com
MAGASIN DU NORD,unknown.com
MAISON COLIBRI,maisoncolibri.com
MAISON DE PARFUMS BERRY,UNVERIFIED:unknown
MAISON PEONY NUTRITION HOLISTIQUE,UNVERIFIED:unknown
MALAREN SASU,malaren.com
MAN NATURA ASBL,mannatura.be
MANBOW,manbow.com
MANECHO,manecho.com
MANIK MARKETING LTD,manikmarketing.com
MANTIS - VÉRIFIANCE,UNVERIFIED:unknown
MANUFACTURES DE MODE,unknown.com
MAPAP,mapap.com
MAPONIE,maponie.com
MAPS SYSTEM IMMERSION DE LUXE,UNVERIFIED:unknown
MAQUES AVENUE,maques.com
MARCEL TRAVEL POSTERS,UNVERIFIED:unknown
MARCHÉ DES TERRITOIRES,UNVERIFIED:unknown
MARIE JORDANE,mariejordane.com
MARKS & SPENVER,marksandspenver.com
MARTIN BELAYSOUD EXPANSION,unknown.com
MARTINE LE JOSSEC COMMUNICATION,UNVERIFIED:unknown
MATSURI,matsuri.fr
MAUKAU,maukau.com
MAXI COFFEE,maxicoffee.com
MAXIAM,maxiam.com
MB LAB,mblab.com
MBA MCI INSTITUT LEONARD DE VINCI,UNVERIFIED:unknown
MBA#MCI @ILV,unknown.com
MBAMCI INSTITUT LÉONARD DE VINCI,mbamci.com
MCA MBI,UNVERIFIED:unknown
MD2I,unknown.com
MEDIA6.[LAB],media6.com
MELLIMELLOW,mellimellow.com
MEO VERTRIEBS GMBH,UNVERIFIED:unknown
MERCIAN EUROPE OFFICE,UNVERIFIED:unknown
MERLET YVELINES PESAGE,unknown.com
MES DEPANNEURS,mesdepanneurs.com
MGF (GROUPE WE CONNECT),weconnect.com
MIIST LOGISTICS,UNVERIFIED:unknown
MIKE ELLIOTT MARKETING,UNVERIFIED:unknown
MILUKUIKILU,unknown.com
MINI MINDS CO,miniminds.com
MJP DISTRIBUTION,mjpdistribution.com
MM,unknown.com
MOBILE LOOV,UNVERIFIED:unknown
MOBILE MARKETING ASSOCIATION FRANCE,UNVERIFIED:unknown
MODA ISTANBUL CANTA SPOR MLZ.,UNVERIFIED:unknown
MODERN DROGUERIE,moderndroguerie.fr
MONDIAL TISSUS EXPLOITATION,mondialtissus.com
MONOPRIX TUNISIE,UNVERIFIED:unknown
MONTS FOURNIL,UNVERIFIED:unknown
MOON MOON,moonmoon.com
MOUSQUETAIRES - STIME,mousquetaires.com
MR. BLUE,mrblue.com
MSQUARE,msquare.com
MTI EXPRESS,UNVERIFIED:unknown
MUNAL PRINTING SUPPORT PVT. LTD.,UNVERIFIED:unknown
MUSES STUDIO,musesstudio.com
MUSIC 123 WOODBRASS,unknown.com
MYORIGINES,myorigines.com
NASITRA,nasitra.com
NAT ET NIN,UNVERIFIED:unknown
NATULIM,natulim.com
NATURE &AMP,nature.com
NEDJAR LINDA SELMA,unknown.com
NEEDHELP,unknown.com
NETTO SAS BASAVORD,UNVERIFIED:unknown
NEUFLIZE OBC - ABN AMRO,unknown.com
NEW ANDRE,UNVERIFIED:unknown
NEW BOURDONNAIS,UNVERIFIED:unknown
NEW COMMERCE VENTURES INC,newcommerce.com
NEW YORKER INFORMATION SERVICES INTERNATIONAL GMBH,unknown.com
NEWNOTE SOLUTIONS,newnote.fr
NEWREST TRAVEL RETAIL,UNVERIFIED:unknown
NINO SHOP,ninoshop.com
NISHIKIDORI,nishikidori.com
NISHIKIDÔRI,nishikidori.com
NJAH,njah.fr
NOCIKA,nocika.com
NOIMA CONSULTANCY,noima.com
NONE,unknown.com
NOOR ALSAMAGENERAL TRADE AND IMPORT AND EXPORT AND,unknown.com
AGENSIES AND PUBLIC TRANSPORT LL,unknown.com
"NOSOLI (FURET DU NORD, DECITRE, CHAPITRE.COM)",nosoli.com
OCELOT,ocelot.com
OGS DISTRIBUTION,UNVERIFIED:unknown
OHANNA,ohanna.com
OKI SARL,UNVERIFIED:unknown
OLAQIN,olaqin.com
OLINN IT PLUSDEPC.COM,UNVERIFIED:unknown
OLIVERT,olivert.com
ON CLOUD SERVICE GMBH,unknown.com
OPAPSIM / MICROBASE,UNVERIFIED:unknown
OPTI PROCEESS CONSEIL,optiprocessconseil.com
ORIGINAUTO,originauto.com
OUIDROP,ouidrop.com
PAC2000A SOC.COOP. - CONAD,unknown.com
PAGE UP,pageup.fr
PANDA RETAIL COMPANY,pandaretail.com
PANIER ROUGE,UNVERIFIED:unknown
PAPENCO SAS,UNVERIFIED:unknown
PARIS PAINT-GERMAIN,unknown.com
PARISFASHIONSHOPS,parisfashionshops.com
PASCUALA,pascuala.com
PASTA GULOSA,pastagulosa.com
PAX FRANCE SAS,paxfrance.com
PAYA GROUP,payagroup.com
PDD DISTRIBUIÇÃO/EBK DISTRIBUIÇÃO,unknown.com
PDH CONSULTING PACKAGING,pdhconsulting.com
PERFECTDRAFT AT ABINBEV,perfectdraft.com
PERFIL 107 CAMA E MESA LTDA,UNVERIFIED:unknown
PHARMACIE DU HASENRAIN,unknown.com
PHE - AUTODISTRIBUTION - OSCARO,autodistribution.com
PHONE GARAGE LTD,phonegarage.com
PICARD SURGELÉS,picardsurgeles.com
PIXALIA,pixalia.com
PLAN B. MODEDESIGN,planb.com
POMO,pomo.fr
POMOBIO,pomobio.com
POWER INTERNATIONAL AS,powerinternational.com
PRALINE & PRIAPE,unknown.com
PREFERENCE SEARCH,unknown.com
PRELUDD PAYMENT SERVICES X AMADIS,UNVERIFIED:unknown
PREMIER AIR COURIER,premierair.com
PREMIERS MOMENTS,UNVERIFIED:unknown
PREMIUM NEXUS JSC,unknown.com
PRESENTS,presents.com
PRINTEMPS CAEN,unknown.com
PROFI ROM FOOD SRL,UNVERIFIED:unknown
PROJECT X,unknown.com
PRORISK,prorisk.com
PROTECTHOMS,protecthoms.com
PSIE,unknown.com
PUBLIDOM,publidom.com
PVP SAS,UNVERIFIED:unknown
RAND DIFFUSION,rand.com
RATP SMART SYSTEMS,unknown.com
RAUTUREAU APPLE SHOES,UNVERIFIED:unknown
REBORN,reborn.com
REDBRIDGE DEBT & TREASURY ADVISORY,UNVERIFIED:unknown
REMUE MENINGE,remuemeninge.fr
REPRAZENT,reprazent.fr
RESOTENAIR,UNVERIFIED:unknown
RETAIL 4 PEOPLE,retail4people.com
RETAIL INSTITUTE ITALY,UNVERIFIED:unknown
RETAIL MARKETING TEAM,retailmarketingteam.com
RETAIL MIND SERVICES,UNVERIFIED:unknown
RHONADIS,rhonadis.com
RIA FRANCE,riafrance.com
RIMBA DU MONDE,rimbadumonde.com
ROYER RETAIL,UNVERIFIED:unknown
S.C. GALEC - GROUPEMENT D'ACHAT DES CENTRES E.LECLERC,galec.com
S.E.L.D.,seld.com
SA AFCEICA,unknown.com
SA WITRADIS - CAVAVIN,UNVERIFIED:unknown
SABERT CORP EUROPE,UNVERIFIED:unknown
SAGEAU HOLDING,sageau.com
SALSA JEANS,salsajeans.com
SAMA COMPANY,samacompany.com
SAMSE ENTREPOT DU BRICOLAGE,unknown.com
SAMSE LA BOITE A OUTILS,unknown.com
SÃO LUIZ SUPERMERCADO,UNVERIFIED:unknown
SARL FRAISE NAIL SHOP,UNVERIFIED:unknown
SARL FRÈRES MOKRANI,unknown.com
SARL MARCEL HOSSEGOR,unknown.com
SARL MY PRETTY LITTLE STORE,UNVERIFIED:unknown
SARL POLE HYGITECH,UNVERIFIED:unknown
SARL RAHYBA,UNVERIFIED:unknown
SARL SOUNEF KHELIF,unknown.com
SAS BLACK STONE,UNVERIFIED:unknown
SAS BULLE D'IDÉES,UNVERIFIED:unknown
SAS CHARP-E,UNVERIFIED:unknown
SAS ETAMPES DIS,UNVERIFIED:unknown
SAS H TRANSPORTS,sastransports.com
SAS ITM ALIMENTAIRE INTERNATIONAL,UNVERIFIED:unknown
SAS JSD MANGA DORI,unknown.com
SAS LINA,unknown.com
SAS LONELY,unknown.com
SAS LOU PASSION,UNVERIFIED:unknown
SAS PRISSEDIS SUPER U,UNVERIFIED:unknown
SASU AU PTIT BONHEUR,unknown.com
SC GALEC,unknown.com
SC JOHNSON EUROPE,UNVERIFIED:unknown
SCAP ALSACE,UNVERIFIED:unknown
SCHWARZ BESCHAFFUNG GMBH,UNVERIFIED:unknown
COMMERCE),unknown.com
SCOP SAVOIRS PLUS,UNVERIFIED:unknown
SECTA AUTOSUR,UNVERIFIED:unknown
SECURSUS,secursus.com
SEGURET DÉCORATION,seguretdecoration.com
SERIALDESIGN,serialdesign.net
SFERE ENCAISSEMENT,UNVERIFIED:unknown
SG,unknown.com
SG CONSULTANT MARKETING,UNVERIFIED:unknown
SGBDF,unknown.com
SHELL LICENSEE WAFI ENERGY,UNVERIFIED:unknown
SHOP CONCEPT & SERVICES,unknown.com
SHOPE2I,shope2i.com
SHOPISHOPA CONSULTING,shopishopa.com
SHOWROOM VARESANO,UNVERIFIED:unknown
SIGMA REALCO,sigmarealco.it
SIMA ANTILLES GUYANE,UNVERIFIED:unknown
SIMON ASSOCIÉS,simonassocies.com
SINCRONE,sincrone.com
SKEELBOX,skeelbox.com
SMARTECH RETAIL GROUP,UNVERIFIED:unknown
SMARTPSUH,UNVERIFIED:unknown
SNC TABAC DU MAS ROMAN,UNVERIFIED:unknown
SOBELGIUM,sobel.com
SOCIAL CUT AGENCY,UNVERIFIED:unknown
SOCIETE COOPERATIVE ANONYME GALEC,unknown.com
SOCIÉTÉ DES CONCEPTS ALIMENTAIRES,UNVERIFIED:unknown
SOCIETE D'IMPORTATION MERIDIONALE,UNVERIFIED:unknown
SOCIÉTÉ PÂTISSERIE ESSAADA,unknown.com
SOCIÉTÉ SAHEL METAL,UNVERIFIED:unknown
SOCIÉTÉ TEJ,UNVERIFIED:unknown
SOCOHOLD PARFAIT,socohold.com
SODIRETZ,sodiretz.com
SODIROCQ,UNVERIFIED:unknown
SONY MARKETING INC.,sonymarketing.com
SORVELLA PERFUME,sorvella.com
SOS PC NANGIS,sospcnangis.fr
SOURCEIF EXPORTS PRIVATE LIMITED,sourceif.com
SPÉCIALY-THÉ BIO,UNVERIFIED:unknown
SPICY BY SILVA,UNVERIFIED:unknown
SPITISHOP,spitishop.com
SPORT BOOKING SAS,sportbooking.com
SPORT DEP,sportdep.com
SRING TRAVEL SERVICES,springtravelservices.com
STE SIDI WAGUAG TRANS,unknown.com
STHAM LTD.,stham.com
STIME - GROUPEMENT INTERMARCHÉ,unknown.com
STIME - GROUPEMENT MOUSQUETAIRES,UNVERIFIED:unknown
STIME GROUPEMENT MOUSQUETAIRES,UNVERIFIED:unknown
STOCK J BOUTIQUE JENNYFER,UNVERIFIED:unknown
STUDENT,student.com
SUBCHANDLERS,subchandlers.com
SUE MUE PRIVATE LIMITED,suemue.com
SUÉRMAIS,UNVERIFIED:unknown
SUNSS PTE. LTD,sunss.com
SUPERMARCHE TAMANU PAPARA,UNVERIFIED:unknown
SWITCH NSOUND PRODUCTION,UNVERIFIED:unknown
SYNALCOM,synalcom.fr
SYNDEXIA,syndexia.be
TANG FRERES,tangfreres.com
-TBC-,unknown.com
TCHIN MARKETING ET COMMERCE,UNVERIFIED:unknown
TEDDY SPA,teddyspa.it
TEST,unknown.com
TEXABRI,texabri.com
TEXTILOT,textilot.fr
THE BRADERY,bradery.com
THE EGYPTIAN BUREAU FOR ENGINEERING,unknown.com
THE RED CIRCLE SAS,theredcircle.com
THÉS DE LA PAGODE,UNVERIFIED:unknown
THIBAULT BERGERON,UNVERIFIED:unknown
THOM GROUP,thom.com
TKG SRL,tkgsrl.it
TMM TRISON,UNVERIFIED:unknown
TOP LIFE,toplife.fr
TOY EVÈNEMENTS,toyevenements.com
T'PAP,tpap.com
TRANSACTION SYSTEMS KFT,transactionsystems.com
TRANSFORME O LOOK,transformeolook.com
TRUFFAUT ETABLISSEMENT HORTICOLE,unknown.com
TURKISH FEDERATION OF RETAILERS AND SHOPPING CENTERS,UNVERIFIED:unknown
TWIL - THE WINE I LOVE,twil.com
U COOPERATIVE,unknown.com
U ENSEIGNE COOPÉRATIVE,unknown.com
U TECH - COOPERATIVE U,utech.com
UAB NORFOS MAŽMENA,UNVERIFIED:unknown
UDC FRANCE,UNVERIFIED:unknown
UFKE,ufke.com
UNFAIR,unfair.com
UNIVERSAL BEAUTY MARKET,UNVERIFIED:unknown
UNLIMITAIL (CARREFOUR),unlimitail.com
UPSAIL,upsail.com
UTOPRENEURS,utopreneurs.org
V AND B,UNVERIFIED:unknown
VAISONET,vaisonet.com
VÉGÉ RETAIL S.CONS.P.A.,UNVERIFIED:unknown
VERIFIANCE FNCI BANQUE DE FRANCE,UNVERIFIED:unknown
VERIFIANCE-FNCI BANQUE DE FRANCE,verifiance-fnci.com
VIDRODGENNIA,UNVERIFIED:unknown
VSR INVEST,vsr.com
VUSION GROUP,vusion.com
WASEL ONLINE FOR SHOPPING APPLICATION,UNVERIFIED:unknown
WAVE STORES,UNVERIFIED:unknown
WE DO GOOD,wedogood.com
WEBRIVAGE,webrivage.com
WEDEO,wedeo.com
WERENODE,werenode.com
WESTERN INTERNATIONAL GROUP,UNVERIFIED:unknown
WESTFIELD RISE,UNVERIFIED:unknown
WILL INFINITE,willinfinite.de
WINTEC EUROPE GMBH,wintec.com
WOODEEZ,woodeez.com
XC TECH,xctech.org
XL-ENT (CASHMAG ILE MAURICE),xl-ent.co.uk
XXOO PETS FAMILY GMBH,xxoopetsfamily.de
XYNERGY COMME J'AIME,xynergy.com
YACLA,yacla.com
YEMMA GOODS (LLC & SARL),unknown.com
YENI MAGAZACILIK A.S.,yenimagazacilik.com
YONIVERS,yonivers.com
YOUR SURPRISE,unknown.com
YZR,unknown.com
ZAPA,zapa.fr
ZEGGAI,UNVERIFIED:unknown
ZEINA ALLIANCES,zeinaalliances.com
ZINEMAS,UNVERIFIED:unknown
ZONESOFT,zonesoft.fr
